id,sentiment
3,
5,
17,
20,
24,
26,
28,
30,
32,
35,
47,
48,
52,
54,
72,
74,
80,
81,
92,
94,
97,
104,
108,
115,
123,
131,
132,
140,
146,
149,
154,
155,
159,
167,
171,
173,
184,
187,
193,
197,
207,
221,
224,
229,
230,
250,
252,
256,
263,
267,
275,
277,
280,
281,
282,
285,
296,
301,
302,
304,
306,
307,
308,
310,
312,
317,
326,
328,
333,
338,
352,
353,
356,
357,
358,
360,
362,
367,
373,
377,
379,
381,
384,
385,
386,
392,
396,
398,
409,
413,
429,
430,
439,
440,
442,
445,
446,
447,
450,
454,
467,
468,
475,
482,
488,
491,
494,
513,
515,
522,
523,
525,
536,
537,
550,
554,
558,
564,
566,
569,
580,
581,
590,
591,
603,
607,
608,
609,
612,
615,
629,
639,
647,
652,
655,
658,
660,
663,
680,
681,
692,
694,
699,
701,
704,
705,
706,
709,
723,
724,
726,
734,
738,
740,
751,
753,
755,
756,
759,
764,
765,
766,
785,
789,
793,
801,
804,
805,
811,
815,
822,
829,
831,
832,
839,
850,
854,
856,
871,
881,
882,
887,
888,
901,
907,
912,
917,
952,
958,
960,
962,
964,
974,
982,
983,
991,
996,
1005,
1006,
1008,
1009,
1011,
1013,
1021,
1024,
1027,
1031,
1041,
1043,
1050,
1052,
1053,
1054,
1055,
1057,
1060,
1061,
1065,
1083,
1086,
1088,
1089,
1091,
1094,
1104,
1107,
1112,
1116,
1120,
1128,
1138,
1141,
1142,
1143,
1144,
1148,
1150,
1156,
1157,
1162,
1179,
1192,
1194,
1197,
1202,
1204,
1206,
1207,
1208,
1212,
1216,
1229,
1242,
1243,
1245,
1255,
1273,
1275,
1278,
1279,
1283,
1285,
1287,
1301,
1308,
1309,
1318,
1319,
1322,
1326,
1339,
1342,
1344,
1350,
1351,
1352,
1353,
1356,
1359,
1361,
1362,
1378,
1387,
1388,
1391,
1395,
1397,
1401,
1403,
1404,
1405,
1406,
1408,
1409,
1411,
1423,
1426,
1432,
1434,
1446,
1461,
1465,
1467,
1472,
1476,
1480,
1485,
1490,
1491,
1503,
1528,
1530,
1549,
1557,
1559,
1560,
1564,
1565,
1567,
1568,
1571,
1580,
1582,
1585,
1589,
1590,
1592,
1597,
1601,
1608,
1614,
1616,
1618,
1624,
1637,
1638,
1641,
1644,
1655,
1663,
1666,
1675,
1676,
1681,
1684,
1686,
1689,
1693,
1710,
1714,
1715,
1717,
1722,
1725,
1727,
1731,
1732,
1733,
1736,
1737,
1739,
1740,
1742,
1745,
1756,
1758,
1759,
1768,
1774,
1776,
1780,
1783,
1787,
1790,
1798,
1800,
1801,
1803,
1808,
1811,
1815,
1820,
1834,
1848,
1854,
1857,
1860,
1862,
1867,
1873,
1879,
1881,
1915,
1916,
1919,
1924,
1926,
1930,
1934,
1944,
1955,
1960,
1968,
1975,
1987,
1990,
1994,
2001,
2004,
2010,
2013,
2014,
2016,
2017,
2019,
2027,
2034,
2035,
2036,
2039,
2041,
2044,
2048,
2066,
2074,
2078,
2080,
2092,
2100,
2101,
2116,
2123,
2124,
2126,
2140,
2145,
2147,
2149,
2151,
2157,
2172,
2175,
2181,
2198,
2199,
2204,
2208,
2209,
2211,
2217,
2218,
2222,
2226,
2233,
2235,
2238,
2260,
2263,
2264,
2268,
2271,
2277,
2281,
2303,
2305,
2308,
2311,
2313,
2317,
2318,
2321,
2339,
2342,
2345,
2353,
2357,
2370,
2373,
2376,
2381,
2383,
2387,
2389,
2397,
2402,
2408,
2424,
2426,
2432,
2437,
2440,
2444,
2449,
2462,
2468,
2470,
2485,
2490,
2491,
2492,
2493,
2494,
2500,
2502,
2503,
2506,
2511,
2515,
2525,
2532,
2534,
2546,
2550,
2553,
2554,
2560,
2572,
2573,
2581,
2584,
2588,
2593,
2596,
2598,
2599,
2600,
2613,
2614,
2623,
2624,
2633,
2634,
2638,
2639,
2643,
2650,
2655,
2660,
2663,
2671,
2684,
2697,
2700,
2701,
2705,
2718,
2720,
2731,
2737,
2738,
2739,
2744,
2745,
2746,
2747,
2752,
2754,
2767,
2770,
2771,
2774,
2775,
2776,
2777,
2778,
2789,
2791,
2795,
2800,
2806,
2807,
2815,
2817,
2821,
2830,
2833,
2856,
2863,
2866,
2874,
2896,
2897,
2903,
2922,
2931,
2933,
2935,
2938,
2954,
2971,
2983,
3001,
3007,
3015,
3024,
3032,
3047,
3050,
3051,
3059,
3062,
3071,
3078,
3082,
3087,
3088,
3103,
3108,
3114,
3119,
3122,
3125,
3132,
3135,
3142,
3145,
3152,
3167,
3178,
3182,
3190,
3191,
3192,
3201,
3202,
3203,
3206,
3225,
3227,
3242,
3248,
3249,
3253,
3254,
3260,
3261,
3264,
3265,
3267,
3268,
3273,
3279,
3280,
3281,
3283,
3289,
3295,
3296,
3298,
3299,
3305,
3308,
3314,
3326,
3331,
3339,
3356,
3369,
3370,
3371,
3372,
3376,
3377,
3378,
3387,
3397,
3398,
3407,
3408,
3414,
3418,
3422,
3424,
3426,
3428,
3437,
3443,
3449,
3456,
3461,
3473,
3474,
3475,
3483,
3486,
3489,
3491,
3502,
3507,
3509,
3513,
3514,
3515,
3520,
3524,
3525,
3527,
3529,
3530,
3532,
3534,
3551,
3552,
3554,
3561,
3565,
3574,
3580,
3588,
3589,
3592,
3600,
3604,
3608,
3626,
3631,
3635,
3643,
3650,
3653,
3655,
3659,
3664,
3668,
3669,
3670,
3678,
3681,
3683,
3690,
3697,
3698,
3708,
3710,
3712,
3713,
3717,
3718,
3725,
3727,
3734,
3745,
3749,
3751,
3752,
3765,
3767,
3769,
3771,
3780,
3788,
3792,
3796,
3797,
3799,
3807,
3808,
3809,
3817,
3818,
3819,
3822,
3826,
3832,
3840,
3841,
3842,
3844,
3848,
3853,
3856,
3864,
3872,
3874,
3894,
3899,
3903,
3906,
3912,
3913,
3919,
3923,
3924,
3925,
3931,
3942,
3943,
3946,
3948,
3951,
3956,
3960,
3968,
3972,
3974,
3975,
3980,
3983,
3994,
4005,
4009,
4018,
4020,
4022,
4027,
4030,
4037,
4045,
4046,
4048,
4057,
4062,
4077,
4081,
4085,
4088,
4093,
4095,
4106,
4107,
4108,
4114,
4115,
4117,
4131,
4132,
4134,
4137,
4140,
4143,
4144,
4149,
4150,
4152,
4153,
4154,
4155,
4158,
4170,
4173,
4174,
4177,
4178,
4179,
4181,
4191,
4192,
4205,
4214,
4222,
4225,
4227,
4232,
4233,
4235,
4237,
4249,
4254,
4268,
4272,
4284,
4292,
4295,
4306,
4307,
4309,
4313,
4315,
4316,
4319,
4334,
4341,
4344,
4345,
4350,
4355,
4357,
4358,
4360,
4363,
4364,
4371,
4382,
4386,
4391,
4394,
4396,
4398,
4400,
4405,
4414,
4415,
4417,
4430,
4433,
4438,
4439,
4449,
4450,
4456,
4459,
4463,
4470,
4474,
4479,
4482,
4487,
4495,
4508,
4513,
4518,
4526,
4534,
4535,
4537,
4538,
4540,
4542,
4546,
4551,
4554,
4555,
4563,
4571,
4582,
4614,
4616,
4621,
4624,
4627,
4633,
4645,
4654,
4664,
4668,
4679,
4681,
4683,
4684,
4687,
4691,
4694,
4708,
4713,
4726,
4728,
4734,
4736,
4737,
4743,
4755,
4756,
4759,
4782,
4801,
4805,
4813,
4815,
4816,
4819,
4828,
4829,
4834,
4836,
4839,
4841,
4843,
4849,
4859,
4861,
4864,
4868,
4879,
4882,
4886,
4887,
4889,
4891,
4896,
4897,
4900,
4901,
4906,
4907,
4909,
4913,
4918,
4930,
4933,
4935,
4938,
4941,
4942,
4943,
4956,
4969,
4976,
4980,
4984,
4988,
4999,
5001,
5009,
5010,
5015,
5017,
5018,
5020,
5021,
5025,
5029,
5049,
5051,
5055,
5058,
5059,
5067,
5070,
5077,
5078,
5084,
5096,
5108,
5123,
5125,
5126,
5127,
5129,
5131,
5133,
5141,
5150,
5151,
5155,
5156,
5164,
5165,
5167,
5173,
5174,
5179,
5183,
5188,
5200,
5203,
5215,
5220,
5222,
5231,
5233,
5234,
5235,
5245,
5252,
5258,
5260,
5266,
5268,
5269,
5270,
5271,
5272,
5273,
5282,
5286,
5289,
5290,
5293,
5294,
5302,
5312,
5318,
5326,
5331,
5336,
5337,
5339,
5346,
5356,
5359,
5370,
5373,
5376,
5383,
5401,
5409,
5412,
5415,
5420,
5427,
5432,
5434,
5435,
5438,
5442,
5447,
5456,
5458,
5459,
5465,
5467,
5468,
5470,
5474,
5496,
5501,
5502,
5505,
5514,
5524,
5525,
5529,
5546,
5552,
5562,
5565,
5577,
5593,
5595,
5600,
5601,
5605,
5608,
5616,
5627,
5631,
5636,
5643,
5644,
5647,
5651,
5652,
5653,
5654,
5663,
5666,
5671,
5674,
5678,
5681,
5684,
5689,
5694,
5704,
5709,
5721,
5723,
5732,
5734,
5735,
5741,
5742,
5750,
5763,
5769,
5780,
5782,
5796,
5800,
5813,
5836,
5856,
5857,
5861,
5862,
5875,
5883,
5884,
5886,
5888,
5892,
5893,
5895,
5898,
5904,
5912,
5916,
5919,
5921,
5923,
5925,
5927,
5929,
5932,
5939,
5945,
5957,
5958,
5964,
5970,
5974,
5978,
5980,
5988,
6001,
6012,
6019,
6022,
6023,
6024,
6028,
6031,
6041,
6047,
6048,
6057,
6063,
6080,
6082,
6086,
6089,
6093,
6100,
6102,
6115,
6118,
6124,
6135,
6136,
6140,
6142,
6154,
6155,
6157,
6162,
6174,
6176,
6187,
6200,
6204,
6205,
6210,
6215,
6216,
6219,
6227,
6230,
6231,
6235,
6237,
6239,
6243,
6245,
6250,
6260,
6263,
6271,
6280,
6291,
6298,
6307,
6310,
6314,
6315,
6319,
6321,
6330,
6331,
6332,
6338,
6344,
6345,
6346,
6354,
6368,
6374,
6375,
6385,
6394,
6402,
6407,
6408,
6409,
6412,
6414,
6422,
6427,
6450,
6452,
6455,
6460,
6461,
6463,
6468,
6469,
6470,
6474,
6484,
6500,
6504,
6510,
6513,
6516,
6518,
6526,
6530,
6543,
6546,
6552,
6574,
6576,
6577,
6580,
6591,
6597,
6599,
6601,
6613,
6615,
6620,
6622,
6641,
6643,
6645,
6647,
6651,
6654,
6657,
6662,
6663,
6664,
6668,
6675,
6683,
6684,
6685,
6687,
6693,
6694,
6696,
6697,
6698,
6711,
6714,
6719,
6724,
6728,
6733,
6739,
6742,
6743,
6750,
6751,
6761,
6767,
6773,
6775,
6776,
6778,
6780,
6800,
6802,
6814,
6815,
6827,
6828,
6831,
6833,
6835,
6836,
6839,
6840,
6845,
6851,
6854,
6870,
6871,
6875,
6876,
6877,
6882,
6891,
6893,
6897,
6899,
6903,
6906,
6929,
6934,
6936,
6944,
6949,
6950,
6956,
6959,
6968,
6971,
6989,
6995,
6996,
7002,
7009,
7014,
7015,
7021,
7025,
7031,
7032,
7047,
7048,
7052,
7056,
7057,
7064,
7065,
7069,
7070,
7076,
7095,
7098,
7099,
7101,
7105,
7109,
7111,
7116,
7123,
7124,
7128,
7130,
7131,
7133,
7141,
7144,
7148,
7168,
7171,
7186,
7188,
7196,
7197,
7202,
7209,
7216,
7218,
7238,
7243,
7246,
7257,
7262,
7263,
7267,
7268,
7270,
7271,
7277,
7283,
7284,
7286,
7291,
7294,
7297,
7300,
7303,
7311,
7313,
7317,
7318,
7327,
7331,
7333,
7334,
7338,
7354,
7355,
7356,
7368,
7373,
7377,
7391,
7395,
7404,
7407,
7412,
7417,
7420,
7422,
7424,
7428,
7429,
7435,
7442,
7444,
7449,
7454,
7458,
7460,
7465,
7466,
7477,
7480,
7484,
7485,
7490,
7491,
7496,
7497,
7501,
7503,
7506,
7507,
7509,
7517,
7519,
7523,
7524,
7525,
7529,
7531,
7533,
7541,
7560,
7571,
7582,
7586,
7594,
7596,
7598,
7602,
7607,
7608,
7612,
7615,
7620,
7622,
7626,
7632,
7636,
7642,
7643,
7648,
7651,
7653,
7655,
7656,
7672,
7673,
7677,
7689,
7691,
7703,
7705,
7713,
7719,
7720,
7723,
7725,
7726,
7730,
7737,
7738,
7749,
7773,
7775,
7776,
7782,
7783,
7793,
7797,
7799,
7806,
7816,
7818,
7819,
7831,
7833,
7835,
7842,
7843,
7852,
7857,
7875,
7880,
7881,
7887,
7888,
7897,
7900,
7901,
7904,
7905,
7907,
7911,
7916,
7924,
7925,
7937,
7938,
7943,
7950,
7951,
7953,
7957,
7961,
7967,
7973,
7976,
7981,
7985,
7987,
7997,
7998,
8007,
8009,
8022,
8025,
8026,
8037,
8039,
8040,
8045,
8050,
8051,
8057,
8061,
8066,
8082,
8087,
8089,
8093,
8115,
8123,
8139,
8141,
8146,
8174,
8181,
8186,
8191,
8196,
8198,
8201,
8204,
8205,
8208,
8214,
8220,
8228,
8235,
8241,
8242,
8252,
8255,
8257,
8277,
8281,
8284,
8285,
8287,
8288,
8296,
8302,
8304,
8306,
8308,
8310,
8311,
8317,
8318,
8320,
8325,
8326,
8341,
8348,
8349,
8351,
8354,
8357,
8360,
8364,
8371,
8374,
8375,
8379,
8381,
8388,
8390,
8391,
8411,
8414,
8415,
8424,
8426,
8432,
8440,
8442,
8456,
8464,
8465,
8466,
8481,
8497,
8500,
8506,
8511,
8515,
8517,
8521,
8529,
8535,
8538,
8540,
8543,
8547,
8553,
8556,
8560,
8562,
8563,
8588,
8589,
8600,
8608,
8614,
8627,
8629,
8631,
8635,
8650,
8655,
8656,
8658,
8661,
8676,
8677,
8683,
8687,
8690,
8694,
8696,
8701,
8702,
8705,
8706,
8710,
8713,
8714,
8715,
8731,
8738,
8739,
8751,
8752,
8763,
8765,
8769,
8770,
8772,
8775,
8787,
8798,
8802,
8813,
8814,
8817,
8824,
8829,
8832,
8833,
8835,
8836,
8839,
8850,
8852,
8869,
8903,
8904,
8909,
8910,
8911,
8913,
8918,
8922,
8928,
8929,
8930,
8933,
8938,
8942,
8945,
8946,
8950,
8952,
8956,
8964,
8966,
8970,
8975,
8976,
8985,
9000,
9003,
9006,
9009,
9012,
9025,
9026,
9027,
9030,
9031,
9032,
9043,
9045,
9047,
9051,
9060,
9063,
9064,
9077,
9083,
9093,
9102,
9106,
9113,
9119,
9122,
9124,
9125,
9131,
9140,
9150,
9154,
9156,
9158,
9167,
9185,
9188,
9193,
9200,
9202,
9203,
9210,
9217,
9227,
9236,
9252,
9268,
9269,
9272,
9274,
9276,
9278,
9281,
9287,
9293,
9298,
9299,
9302,
9305,
9310,
9324,
9326,
9333,
9338,
9347,
9350,
9354,
9357,
9359,
9361,
9363,
9369,
9375,
9377,
9382,
9383,
9384,
9386,
9388,
9392,
9393,
9394,
9395,
9403,
9405,
9415,
9423,
9428,
9436,
9444,
9449,
9458,
9461,
9465,
9466,
9474,
9479,
9496,
9506,
9507,
9508,
9510,
9513,
9520,
9523,
9524,
9525,
9537,
9541,
9547,
9550,
9552,
9555,
9556,
9561,
9562,
9571,
9574,
9575,
9580,
9585,
9588,
9589,
9594,
9602,
9612,
9615,
9619,
9623,
9625,
9630,
9633,
9636,
9637,
9640,
9641,
9644,
9645,
9646,
9649,
9652,
9654,
9660,
9667,
9670,
9678,
9690,
9696,
9697,
9699,
9707,
9708,
9710,
9719,
9731,
9733,
9742,
9743,
9746,
9748,
9749,
9759,
9760,
9761,
9763,
9769,
9791,
9794,
9801,
9808,
9810,
9817,
9819,
9823,
9825,
9829,
9833,
9840,
9841,
9860,
9864,
9866,
9867,
9871,
9876,
9880,
9881,
9883,
9898,
9902,
9905,
9911,
9915,
9918,
9924,
9927,
9931,
9933,
9939,
9941,
9947,
9949,
9952,
9953,
9954,
9969,
9972,
9985,
9989,
9993,
9994,
9999,
10000,
10007,
10019,
10027,
10028,
10038,
10040,
10042,
10045,
10046,
10048,
10054,
10055,
10057,
10063,
10066,
10067,
10075,
10085,
10086,
10095,
10110,
10121,
10126,
10129,
10135,
10139,
10141,
10144,
10149,
10152,
10153,
10155,
10157,
10158,
10160,
10161,
10162,
10165,
10181,
10190,
10191,
10194,
10197,
10203,
10205,
10206,
10224,
10227,
10232,
10234,
10239,
10242,
10243,
10244,
10246,
10251,
10252,
10258,
10270,
10272,
10274,
10277,
10282,
10286,
10287,
10291,
10293,
10302,
10311,
10319,
10322,
10328,
10352,
10353,
10365,
10366,
10368,
10378,
10381,
10387,
10400,
10403,
10404,
10405,
10412,
10418,
10421,
10444,
10451,
10458,
10464,
10470,
10477,
10493,
10513,
10514,
10518,
10521,
10525,
10526,
10530,
10533,
10535,
10542,
10546,
10549,
10557,
10560,
10581,
10586,
10595,
10597,
10600,
10603,
10608,
10617,
10619,
10628,
10631,
10640,
10644,
10646,
10647,
10649,
10653,
10664,
10665,
10667,
10679,
10686,
10704,
10705,
10706,
10714,
10726,
10740,
10744,
10749,
10750,
10751,
10752,
10757,
10758,
10759,
10761,
10768,
10784,
10788,
10794,
10803,
10810,
10814,
10815,
10816,
10820,
10827,
10832,
10834,
10835,
10840,
10841,
10842,
10845,
10850,
10854,
10856,
10858,
10859,
10861,
10862,
10867,
10871,
10872,
10876,
10877,
10879,
10880,
10883,
10885,
10887,
10890,
10893,
10894,
10895,
10897,
10911,
10914,
10919,
10920,
10921,
10928,
10935,
10940,
10948,
10949,
10951,
10964,
10973,
10976,
10979,
10986,
10989,
10995,
11005,
11007,
11010,
11026,
11030,
11033,
11043,
11046,
11049,
11056,
11060,
11063,
11065,
11074,
11082,
11092,
11095,
11096,
11103,
11111,
11113,
11118,
11126,
11136,
11143,
11144,
11145,
11147,
11148,
11151,
11162,
11163,
11173,
11185,
11200,
11202,
11204,
11206,
11208,
11209,
11211,
11216,
11221,
11225,
11228,
11231,
11234,
11238,
11240,
11241,
11246,
11260,
11263,
11265,
11270,
11272,
11275,
11283,
11286,
11295,
11299,
11301,
11313,
11314,
11321,
11328,
11339,
11345,
11352,
11354,
11355,
11362,
11367,
11374,
11378,
11382,
11384,
11387,
11388,
11390,
11401,
11402,
11405,
11408,
11429,
11432,
11436,
11442,
11443,
11450,
11451,
11453,
11456,
11459,
11464,
11468,
11476,
11484,
11490,
11493,
11494,
11500,
11501,
11506,
11508,
11510,
11512,
11514,
11517,
11522,
11524,
11526,
11532,
11536,
11538,
11543,
11551,
11556,
11558,
11570,
11581,
11601,
11606,
11608,
11614,
11615,
11642,
11645,
11647,
11653,
11658,
11661,
11675,
11678,
11683,
11692,
11699,
11705,
11723,
11726,
11729,
11736,
11746,
11747,
11759,
11762,
11787,
11790,
11796,
11801,
11812,
11817,
11826,
11828,
11831,
11835,
11836,
11841,
11844,
11845,
11848,
11849,
11862,
11881,
11892,
11894,
11898,
11905,
11909,
11911,
11914,
11916,
11918,
11920,
11928,
11930,
11942,
11951,
11955,
11963,
11964,
11971,
11978,
11981,
11982,
11983,
11984,
11988,
11990,
11992,
11995,
12010,
12015,
12016,
12019,
12022,
12028,
12038,
12042,
12052,
12058,
12077,
12078,
12088,
12093,
12101,
12105,
12106,
12108,
12114,
12118,
12119,
12129,
12152,
12153,
12164,
12167,
12168,
12177,
12190,
12192,
12193,
12196,
12201,
12211,
12214,
12216,
12222,
12223,
12226,
12231,
12246,
12252,
12255,
12265,
12267,
12281,
12282,
12283,
12290,
12293,
12297,
12303,
12314,
12328,
12332,
12333,
12335,
12336,
12351,
12364,
12370,
12376,
12377,
12379,
12387,
12393,
12402,
12410,
12416,
12419,
12420,
12432,
12433,
12434,
12437,
12438,
12441,
12447,
12449,
12451,
12460,
12465,
12485,
12492,
12493,
12500,
12501,
12502,
12504,
12507,
12513,
12523,
12525,
12530,
12531,
12533,
12551,
12554,
12556,
12557,
12560,
12561,
12563,
12574,
12587,
12592,
12594,
12595,
12596,
12597,
12599,
12608,
12612,
12630,
12639,
12642,
12645,
12651,
12658,
12661,
12663,
12664,
12666,
12669,
12673,
12680,
12692,
12712,
12713,
12730,
12737,
12738,
12745,
12752,
12758,
12761,
12768,
12771,
12777,
12785,
12786,
12792,
12797,
12799,
12804,
12814,
12825,
12832,
12833,
12838,
12843,
12848,
12852,
12857,
12874,
12879,
12881,
12882,
12906,
12910,
12915,
12926,
12927,
12949,
12962,
12965,
12969,
12974,
12983,
12984,
12987,
12989,
12991,
12998,
13000,
13001,
13002,
13004,
13006,
13007,
13011,
13014,
13019,
13022,
13032,
13033,
13034,
13036,
13043,
13046,
13047,
13054,
13063,
13066,
13070,
13072,
13074,
13078,
13079,
13080,
13081,
13082,
13083,
13102,
13104,
13115,
13120,
13121,
13124,
13129,
13134,
13135,
13136,
13140,
13147,
13148,
13162,
13167,
13171,
13172,
13174,
13176,
13184,
13185,
13189,
13194,
13199,
13213,
13221,
13227,
13244,
13270,
13283,
13284,
13286,
13297,
13298,
13305,
13315,
13320,
13326,
13327,
13329,
13331,
13338,
13339,
13340,
13347,
13350,
13356,
13362,
13365,
13366,
13368,
13373,
13383,
13386,
13389,
13394,
13397,
13398,
13400,
13415,
13418,
13424,
13428,
13429,
13434,
13443,
13446,
13460,
13468,
13470,
13471,
13478,
13481,
13497,
13499,
13502,
13504,
13510,
13513,
13517,
13523,
13533,
13541,
13542,
13546,
13547,
13549,
13554,
13555,
13556,
13561,
13564,
13566,
13580,
13585,
13588,
13593,
13603,
13605,
13608,
13621,
13634,
13643,
13648,
13650,
13651,
13660,
13669,
13670,
13671,
13679,
13682,
13683,
13685,
13690,
13697,
13707,
13709,
13718,
13720,
13722,
13730,
13735,
13749,
13753,
13755,
13756,
13763,
13769,
13771,
13773,
13774,
13779,
13782,
13785,
13794,
13796,
13798,
13801,
13802,
13806,
13807,
13809,
13810,
13814,
13818,
13821,
13822,
13824,
13830,
13832,
13833,
13835,
13837,
13838,
13844,
13858,
13859,
13867,
13868,
13870,
13879,
13896,
13902,
13904,
13907,
13914,
13932,
13933,
13947,
13949,
13951,
13961,
13967,
13973,
13974,
13977,
13987,
13994,
14004,
14009,
14017,
14018,
14021,
14022,
14024,
14025,
14027,
14036,
14043,
14047,
14049,
14053,
14068,
14081,
14085,
14086,
14090,
14095,
14104,
14105,
14106,
14108,
14109,
14113,
14117,
14120,
14125,
14129,
14137,
14141,
14146,
14151,
14154,
14156,
14160,
14162,
14163,
14165,
14169,
14171,
14173,
14174,
14178,
14181,
14183,
14185,
14193,
14201,
14204,
14208,
14219,
14220,
14221,
14223,
14230,
14235,
14239,
14242,
14243,
14250,
14251,
14256,
14258,
14260,
14261,
14267,
14273,
14286,
14289,
14294,
14296,
14298,
14300,
14301,
14303,
14311,
14314,
14320,
14327,
14329,
14332,
14344,
14355,
14359,
14364,
14372,
14377,
14388,
14394,
14395,
14396,
14401,
14405,
14409,
14410,
14413,
14417,
14418,
14420,
14427,
14431,
14437,
14442,
14446,
14447,
14449,
14453,
14456,
14457,
14458,
14459,
14465,
14473,
14502,
14506,
14511,
14523,
14525,
14534,
14536,
14543,
14546,
14560,
14569,
14572,
14573,
14575,
14585,
14586,
14587,
14595,
14596,
14602,
14605,
14613,
14619,
14625,
14627,
14629,
14632,
14658,
14660,
14662,
14665,
14671,
14674,
14681,
14691,
14704,
14708,
14711,
14727,
14728,
14735,
14762,
14766,
14768,
14771,
14773,
14775,
14780,
14786,
14791,
14794,
14796,
14798,
14824,
14832,
14838,
14841,
14842,
14849,
14850,
14859,
14874,
14879,
14880,
14894,
14914,
14917,
14921,
14934,
14942,
14950,
14958,
14962,
14975,
14979,
14991,
14993,
14997,
15002,
15003,
15004,
15005,
15019,
15026,
15027,
15029,
15032,
15033,
15037,
15047,
15050,
15055,
15058,
15069,
15073,
15079,
15081,
15085,
15100,
15102,
15109,
15110,
15122,
15129,
15130,
15135,
15139,
15141,
15148,
15160,
15161,
15163,
15168,
15173,
15191,
15196,
15199,
15202,
15210,
15211,
15213,
15219,
15233,
15234,
15240,
15241,
15251,
15253,
15259,
15267,
15269,
15273,
15277,
15287,
15289,
15296,
15298,
15324,
15325,
15327,
15333,
15337,
15342,
15345,
15347,
15349,
15354,
15355,
15364,
15366,
15374,
15381,
15383,
15395,
15397,
15398,
15403,
15404,
15406,
15407,
15413,
15414,
15417,
15425,
15427,
15434,
15437,
15439,
15440,
15441,
15452,
15458,
15460,
15467,
15483,
15489,
15514,
15520,
15536,
15549,
15566,
15567,
15569,
15574,
15580,
15582,
15600,
15612,
15616,
15620,
15621,
15625,
15627,
15630,
15633,
15635,
15644,
15649,
15655,
15668,
15670,
15675,
15679,
15687,
15693,
15702,
15708,
15709,
15719,
15723,
15726,
15731,
15737,
15741,
15747,
15748,
15750,
15756,
15761,
15764,
15765,
15768,
15771,
15772,
15781,
15784,
15791,
15792,
15793,
15795,
15797,
15799,
15801,
15828,
15829,
15833,
15839,
15843,
15844,
15848,
15850,
15855,
15862,
15866,
15870,
15872,
15890,
15894,
15899,
15907,
15910,
15917,
15929,
15930,
15932,
15941,
15943,
15947,
15950,
15957,
15961,
15969,
15970,
15991,
15995,
16014,
16016,
16025,
16027,
16029,
16037,
16040,
16042,
16044,
16047,
16050,
16053,
16057,
16064,
16068,
16074,
16076,
16077,
16084,
16087,
16090,
16091,
16093,
16096,
16103,
16105,
16106,
16111,
16118,
16121,
16129,
16130,
16133,
16139,
16140,
16144,
16147,
16149,
16161,
16164,
16182,
16184,
16187,
16192,
16196,
16200,
16204,
16207,
16211,
16218,
16222,
16232,
16234,
16236,
16237,
16238,
16240,
16241,
16242,
16245,
16252,
16255,
16257,
16269,
16270,
16274,
16275,
16276,
16277,
16285,
16288,
16301,
16303,
16309,
16312,
16315,
16335,
16338,
16345,
16352,
16356,
16362,
16369,
16376,
16381,
16386,
16389,
16390,
16394,
16396,
16402,
16405,
16414,
16415,
16419,
16420,
16422,
16425,
16426,
16427,
16431,
16434,
16438,
16444,
16457,
16464,
16475,
16477,
16478,
16482,
16490,
16493,
16498,
16507,
16511,
16514,
16521,
16523,
16531,
16536,
16539,
16543,
16544,
16551,
16556,
16557,
16566,
16568,
16577,
16578,
16591,
16598,
16603,
16605,
16611,
16622,
16625,
16627,
16628,
16632,
16633,
16635,
16641,
16645,
16650,
16652,
16654,
16666,
16669,
16680,
16681,
16687,
16688,
16693,
16704,
16710,
16715,
16723,
16726,
16728,
16729,
16738,
16742,
16760,
16764,
16767,
16775,
16778,
16781,
16791,
16793,
16802,
16807,
16808,
16817,
16821,
16823,
16827,
16831,
16834,
16845,
16852,
16855,
16859,
16860,
16879,
16880,
16881,
16885,
16889,
16891,
16892,
16894,
16897,
16903,
16906,
16916,
16917,
16919,
16920,
16924,
16926,
16931,
16935,
16936,
16941,
16942,
16944,
16954,
16963,
16970,
16975,
16977,
16983,
16991,
17002,
17005,
17033,
17049,
17055,
17058,
17065,
17074,
17081,
17086,
17088,
17094,
17097,
17100,
17106,
17111,
17133,
17137,
17138,
17141,
17146,
17157,
17165,
17170,
17185,
17188,
17189,
17192,
17196,
17197,
17198,
17199,
17201,
17208,
17209,
17231,
17237,
17242,
17243,
17247,
17248,
17250,
17252,
17253,
17255,
17258,
17271,
17275,
17285,
17287,
17288,
17290,
17291,
17306,
17309,
17313,
17316,
17333,
17337,
17338,
17340,
17343,
17352,
17359,
17360,
17364,
17372,
17386,
17389,
17394,
17403,
17413,
17416,
17423,
17425,
17428,
17430,
17449,
17450,
17453,
17454,
17473,
17476,
17478,
17487,
17493,
17494,
17507,
17530,
17535,
17536,
17540,
17556,
17558,
17579,
17580,
17581,
17593,
17604,
17605,
17609,
17611,
17619,
17625,
17629,
17635,
17638,
17643,
17650,
17653,
17654,
17664,
17675,
17676,
17679,
17687,
17689,
17727,
17728,
17729,
17735,
17738,
17742,
17743,
17754,
17755,
17757,
17766,
17772,
17773,
17776,
17778,
17780,
17785,
17787,
17796,
17799,
17804,
17820,
17825,
17826,
17833,
17844,
17852,
17854,
17865,
17872,
17881,
17888,
17897,
17902,
17908,
17918,
17922,
17927,
17929,
17930,
17932,
17934,
17938,
17945,
17946,
17948,
17952,
17954,
17965,
17975,
17981,
17982,
17983,
17985,
17986,
17989,
17991,
17995,
17999,
18003,
18017,
18018,
18028,
18031,
18032,
18033,
18043,
18050,
18058,
18069,
18077,
18085,
18089,
18096,
18098,
18106,
18113,
18123,
18132,
18137,
18140,
18143,
18151,
18163,
18166,
18170,
18177,
18181,
18193,
18196,
18200,
18210,
18213,
18214,
18219,
18220,
18224,
18227,
18231,
18232,
18245,
18254,
18265,
18270,
18277,
18289,
18290,
18324,
18325,
18328,
18329,
18332,
18337,
18338,
18339,
18346,
18363,
18367,
18368,
18370,
18385,
18386,
18389,
18392,
18396,
18397,
18403,
18404,
18406,
18416,
18418,
18423,
18440,
18442,
18445,
18452,
18454,
18461,
18463,
18465,
18478,
18483,
18486,
18500,
18505,
18508,
18511,
18512,
18520,
18523,
18524,
18530,
18532,
18543,
18547,
18554,
18567,
18568,
18571,
18573,
18577,
18580,
18598,
18601,
18602,
18610,
18615,
18616,
18619,
18622,
18642,
18664,
18667,
18676,
18678,
18679,
18680,
18686,
18687,
18689,
18693,
18702,
18703,
18720,
18726,
18739,
18743,
18744,
18745,
18747,
18748,
18754,
18772,
18789,
18799,
18801,
18804,
18809,
18811,
18814,
18823,
18833,
18835,
18836,
18837,
18840,
18843,
18844,
18846,
18848,
18853,
18859,
18871,
18879,
18880,
18888,
18890,
18898,
18899,
18922,
18924,
18928,
18930,
18935,
18939,
18940,
18944,
18948,
18950,
18959,
18960,
18966,
18967,
18972,
18980,
18981,
18988,
18993,
18994,
19008,
19031,
19036,
19042,
19043,
19049,
19060,
19067,
19073,
19084,
19090,
19091,
19097,
19111,
19120,
19125,
19152,
19161,
19165,
19169,
19172,
19185,
19187,
19190,
19192,
19212,
19215,
19218,
19219,
19221,
19222,
19224,
19227,
19235,
19236,
19237,
19241,
19248,
19260,
19263,
19266,
19267,
19271,
19274,
19277,
19284,
19287,
19288,
19302,
19317,
19322,
19324,
19325,
19326,
19330,
19346,
19353,
19360,
19369,
19370,
19378,
19379,
19383,
19384,
19386,
19392,
19405,
19411,
19419,
19427,
19431,
19433,
19434,
19442,
19458,
19460,
19461,
19465,
19473,
19474,
19480,
19482,
19484,
19493,
19498,
19503,
19508,
19509,
19518,
19526,
19533,
19534,
19536,
19549,
19550,
19555,
19560,
19562,
19565,
19569,
19572,
19575,
19577,
19601,
19606,
19609,
19615,
19617,
19620,
19625,
19626,
19631,
19634,
19647,
19667,
19677,
19678,
19681,
19689,
19693,
19700,
19708,
19709,
19710,
19714,
19729,
19736,
19742,
19747,
19759,
19761,
19764,
19778,
19784,
19785,
19787,
19794,
19805,
19808,
19815,
19819,
19825,
19826,
19828,
19829,
19830,
19835,
19836,
19839,
19840,
19850,
19851,
19876,
19884,
19886,
19895,
19899,
19907,
19910,
19911,
19919,
19923,
19926,
19928,
19936,
19937,
19938,
19940,
19942,
19947,
19952,
19956,
19959,
19983,
19987,
19993,
19995,
20000,
20003,
20006,
20009,
20010,
20012,
20021,
20032,
20037,
20044,
20052,
20067,
20068,
20072,
20073,
20077,
20078,
20079,
20086,
20088,
20091,
20092,
20093,
20097,
20101,
20113,
20117,
20119,
20125,
20129,
20132,
20133,
20134,
20135,
20137,
20144,
20146,
20153,
20154,
20161,
20162,
20163,
20164,
20167,
20170,
20173,
20174,
20176,
20183,
20188,
20196,
20198,
20202,
20204,
20215,
20221,
20224,
20225,
20229,
20231,
20235,
20244,
20247,
20252,
20255,
20260,
20267,
20277,
20280,
20281,
20284,
20290,
20302,
20303,
20307,
20308,
20316,
20317,
20319,
20321,
20328,
20335,
20336,
20350,
20351,
20356,
20358,
20361,
20371,
20373,
20374,
20375,
20380,
20390,
20396,
20400,
20404,
20407,
20409,
20411,
20418,
20420,
20442,
20450,
20460,
20470,
20473,
20479,
20484,
20486,
20494,
20496,
20499,
20500,
20501,
20503,
20505,
20509,
20510,
20515,
20522,
20531,
20536,
20537,
20548,
20554,
20563,
20575,
20578,
20581,
20586,
20590,
20592,
20593,
20600,
20610,
20614,
20626,
20630,
20632,
20634,
20639,
20641,
20645,
20646,
20648,
20649,
20652,
20671,
20679,
20689,
20705,
20713,
20719,
20725,
20726,
20729,
20731,
20739,
20743,
20744,
20756,
20759,
20760,
20762,
20772,
20773,
20775,
20782,
20787,
20791,
20795,
20800,
20803,
20807,
20810,
20811,
20812,
20818,
20819,
20822,
20828,
20837,
20844,
20847,
20859,
20860,
20861,
20868,
20869,
20877,
20881,
20885,
20890,
20896,
20901,
20905,
20920,
20925,
20929,
20930,
20933,
20937,
20939,
20950,
20963,
20964,
20965,
20976,
20985,
20987,
20989,
20998,
20999,
21002,
21008,
21010,
21015,
21017,
21021,
21022,
21027,
21032,
21038,
21039,
21043,
21053,
21066,
21068,
21082,
21088,
21089,
21090,
21091,
21093,
21102,
21104,
21105,
21108,
21110,
21112,
21120,
21124,
21126,
21132,
21135,
21137,
21140,
21148,
21149,
21151,
21153,
21164,
21170,
21175,
21188,
21189,
21192,
21194,
21199,
21200,
21203,
21209,
21213,
21224,
21225,
21228,
21231,
21233,
21236,
21238,
21249,
21252,
21257,
21258,
21263,
21270,
21272,
21273,
21275,
21283,
21288,
21289,
21290,
21292,
21295,
21301,
21302,
21304,
21314,
21319,
21323,
21324,
21335,
21336,
21337,
21341,
21342,
21346,
21347,
21351,
21354,
21356,
21357,
21358,
21363,
21368,
21369,
21371,
21391,
21397,
21398,
21399,
21402,
21404,
21405,
21415,
21423,
21425,
21428,
21429,
21435,
21436,
21437,
21441,
21444,
21446,
21452,
21454,
21463,
21467,
21469,
21472,
21474,
21490,
21493,
21498,
21501,
21507,
21514,
21519,
21520,
21528,
21529,
21532,
21538,
21552,
21556,
21558,
21562,
21565,
21569,
21576,
21578,
21582,
21591,
21595,
21601,
21608,
21617,
21620,
21626,
21640,
21648,
21659,
21662,
21666,
21667,
21670,
21681,
21687,
21695,
21699,
21702,
21707,
21708,
21710,
21711,
21713,
21721,
21723,
21727,
21743,
21749,
21783,
21792,
21802,
21806,
21807,
21813,
21817,
21821,
21827,
21828,
21837,
21846,
21848,
21861,
21866,
21868,
21872,
21875,
21877,
21880,
21881,
21883,
21885,
21890,
21892,
21894,
21898,
21907,
21909,
21916,
21917,
21920,
21925,
21934,
21937,
21939,
21944,
21945,
21949,
21951,
21956,
21980,
21984,
22001,
22012,
22013,
22018,
22025,
22026,
22031,
22048,
22053,
22061,
22063,
22066,
22071,
22072,
22075,
22078,
22079,
22080,
22087,
22089,
22097,
22101,
22106,
22109,
22118,
22124,
22127,
22128,
22136,
22138,
22143,
22147,
22151,
22153,
22158,
22174,
22180,
22186,
22189,
22192,
22194,
22197,
22202,
22204,
22207,
22209,
22214,
22218,
22220,
22223,
22224,
22225,
22226,
22227,
22237,
22238,
22241,
22242,
22243,
22248,
22251,
22261,
22271,
22277,
22280,
22282,
22292,
22303,
22305,
22314,
22333,
22342,
22347,
22349,
22357,
22371,
22377,
22379,
22385,
22386,
22389,
22397,
22399,
22403,
22419,
22420,
22430,
22436,
22438,
22442,
22465,
22471,
22472,
22474,
22476,
22480,
22481,
22482,
22493,
22497,
22498,
22509,
22512,
22516,
22523,
22542,
22544,
22551,
22555,
22560,
22566,
22567,
22569,
22578,
22579,
22590,
22607,
22610,
22624,
22632,
22634,
22635,
22638,
22645,
22651,
22654,
22656,
22657,
22658,
22659,
22666,
22668,
22673,
22679,
22693,
22697,
22698,
22700,
22707,
22708,
22713,
22724,
22728,
22734,
22741,
22747,
22752,
22753,
22756,
22759,
22762,
22765,
22766,
22772,
22773,
22774,
22776,
22794,
22817,
22821,
22827,
22828,
22830,
22833,
22835,
22837,
22840,
22844,
22845,
22847,
22848,
22849,
22851,
22855,
22863,
22866,
22867,
22886,
22897,
22899,
22900,
22902,
22907,
22910,
22911,
22929,
22933,
22934,
22938,
22941,
22944,
22955,
22960,
22964,
22965,
22977,
22978,
22983,
22985,
22988,
22991,
22995,
23000,
23007,
23020,
23028,
23033,
23039,
23046,
23053,
23054,
23057,
23060,
23064,
23066,
23068,
23078,
23083,
23095,
23104,
23108,
23111,
23112,
23116,
23128,
23135,
23136,
23139,
23141,
23147,
23154,
23159,
23164,
23169,
23172,
23174,
23175,
23176,
23177,
23183,
23191,
23193,
23205,
23208,
23211,
23216,
23221,
23229,
23232,
23235,
23238,
23246,
23256,
23258,
23259,
23263,
23268,
23271,
23275,
23281,
23282,
23285,
23286,
23288,
23295,
23304,
23306,
23309,
23311,
23314,
23323,
23324,
23325,
23326,
23331,
23333,
23338,
23344,
23348,
23352,
23361,
23363,
23372,
23373,
23374,
23382,
23390,
23392,
23395,
23404,
23406,
23409,
23410,
23412,
23420,
23425,
23427,
23436,
23453,
23456,
23457,
23458,
23461,
23463,
23470,
23472,
23492,
23499,
23502,
23517,
23522,
23524,
23532,
23536,
23540,
23542,
23547,
23548,
23549,
23556,
23558,
23565,
23567,
23578,
23579,
23581,
23586,
23590,
23597,
23599,
23600,
23607,
23612,
23621,
23629,
23632,
23637,
23640,
23644,
23645,
23647,
23648,
23649,
23650,
23655,
23656,
23661,
23664,
23666,
23674,
23681,
23682,
23683,
23686,
23693,
23695,
23703,
23720,
23724,
23726,
23729,
23733,
23743,
23745,
23746,
23748,
23749,
23756,
23759,
23763,
23769,
23775,
23781,
23791,
23792,
23800,
23801,
23804,
23810,
23813,
23814,
23816,
23817,
23818,
23821,
23823,
23824,
23835,
23844,
23845,
23846,
23866,
23878,
23881,
23882,
23887,
23892,
23896,
23900,
23903,
23921,
23924,
23936,
23950,
23954,
23966,
23967,
23969,
23972,
23973,
23975,
23980,
23983,
23984,
23987,
23988,
23990,
23996,
23997,
24017,
24038,
24041,
24042,
24045,
24056,
24067,
24069,
24071,
24076,
24080,
24095,
24098,
24099,
24103,
24104,
24108,
24109,
24115,
24116,
24121,
24128,
24136,
24142,
24145,
24146,
24148,
24149,
24154,
24182,
24188,
24190,
24212,
24219,
24221,
24227,
24228,
24229,
24235,
24245,
24246,
24249,
24255,
24264,
24266,
24273,
24278,
24279,
24280,
24283,
24285,
24286,
24288,
24295,
24296,
24297,
24298,
24301,
24303,
24310,
24319,
24320,
24321,
24324,
24329,
24330,
24332,
24335,
24339,
24341,
24345,
24348,
24352,
24353,
24354,
24364,
24375,
24378,
24390,
24393,
24395,
24398,
24400,
24402,
24403,
24406,
24407,
24412,
24426,
24429,
24431,
24434,
24437,
24449,
24452,
24461,
24462,
24468,
24471,
24474,
24481,
24483,
24487,
24492,
24497,
24511,
24512,
24519,
24521,
24527,
24533,
24534,
24536,
24537,
24539,
24550,
24552,
24556,
24561,
24567,
24577,
24580,
24581,
24588,
24591,
24594,
24595,
24599,
24603,
24607,
24608,
24612,
24614,
24622,
24623,
24625,
24627,
24630,
24639,
24641,
24643,
24649,
24665,
24668,
24672,
24687,
24691,
24700,
24713,
24719,
24739,
24742,
24753,
24755,
24758,
24759,
24764,
24766,
24771,
24784,
24786,
24787,
24798,
24801,
24810,
24819,
24836,
24844,
24847,
24853,
24854,
24858,
24868,
24872,
24874,
24876,
24878,
24881,
24884,
24890,
24891,
24894,
24913,
24931,
24933,
24938,
24942,
24948,
24949,
24951,
24952,
24962,
24964,
24967,
24976,
24977,
24984,
25012,
25024,
25025,
25032,
25039,
25043,
25045,
25049,
25055,
25066,
25067,
25073,
25086,
25096,
25104,
25108,
25110,
25121,
25122,
25123,
25129,
25132,
25141,
25144,
25151,
25152,
25159,
25161,
25162,
25169,
25179,
25183,
25186,
25187,
25188,
25190,
25195,
25198,
25204,
25205,
25210,
25219,
25234,
25256,
25279,
25282,
25284,
25289,
25295,
25302,
25303,
25307,
25324,
25325,
25336,
25346,
25347,
25350,
25354,
25361,
25363,
25366,
25367,
25372,
25382,
25383,
25395,
25403,
25412,
25414,
25419,
25429,
25432,
25435,
25438,
25441,
25443,
25451,
25452,
25463,
25466,
25472,
25475,
25484,
25487,
25488,
25495,
25497,
25499,
25503,
25516,
25518,
25519,
25524,
25528,
25535,
25542,
25544,
25550,
25554,
25558,
25561,
25564,
25565,
25570,
25571,
25572,
25582,
25584,
25597,
25600,
25605,
25607,
25614,
25619,
25629,
25631,
25635,
25636,
25641,
25644,
25646,
25647,
25649,
25662,
25666,
25669,
25670,
25672,
25677,
25682,
25684,
25687,
25695,
25703,
25711,
25715,
25717,
25721,
25724,
25731,
25742,
25743,
25746,
25752,
25755,
25759,
25766,
25778,
25782,
25786,
25795,
25807,
25810,
25813,
25825,
25833,
25836,
25845,
25852,
25867,
25875,
25890,
25891,
25894,
25898,
25910,
25911,
25929,
25932,
25934,
25940,
25946,
25947,
25961,
25968,
25969,
25982,
25993,
25996,
25999,
26005,
26008,
26013,
26016,
26017,
26027,
26030,
26031,
26039,
26042,
26044,
26049,
26059,
26060,
26062,
26072,
26078,
26083,
26090,
26098,
26099,
26100,
26107,
26111,
26113,
26124,
26125,
26127,
26131,
26141,
26147,
26148,
26152,
26158,
26159,
26171,
26174,
26184,
26188,
26190,
26191,
26196,
26201,
26204,
26206,
26212,
26219,
26222,
26224,
26225,
26230,
26261,
26262,
26265,
26267,
26270,
26275,
26277,
26284,
26286,
26289,
26291,
26292,
26295,
26296,
26306,
26309,
26311,
26312,
26315,
26319,
26320,
26331,
26332,
26337,
26343,
26346,
26355,
26356,
26361,
26369,
26374,
26378,
26383,
26384,
26392,
26395,
26396,
26402,
26407,
26415,
26422,
26423,
26437,
26439,
26441,
26444,
26456,
26481,
26482,
26490,
26493,
26495,
26496,
26497,
26501,
26505,
26508,
26513,
26518,
26519,
26521,
26527,
26529,
26533,
26534,
26548,
26549,
26552,
26555,
26567,
26573,
26575,
26586,
26587,
26596,
26600,
26611,
26613,
26616,
26620,
26622,
26623,
26625,
26626,
26631,
26644,
26646,
26648,
26653,
26657,
26658,
26660,
26669,
26680,
26684,
26691,
26695,
26696,
26698,
26700,
26707,
26711,
26716,
26717,
26720,
26722,
26723,
26727,
26739,
26748,
26752,
26754,
26757,
26761,
26765,
26770,
26781,
26782,
26786,
26789,
26791,
26801,
26809,
26812,
26814,
26817,
26821,
26823,
26829,
26833,
26837,
26842,
26845,
26848,
26852,
26861,
26864,
26871,
26873,
26882,
26886,
26888,
26892,
26895,
26903,
26908,
26909,
26916,
26918,
26919,
26920,
26922,
26927,
26940,
26942,
26954,
26956,
26959,
26960,
26963,
26967,
26972,
26973,
26993,
26995,
27000,
27009,
27012,
27014,
27015,
27017,
27028,
27029,
27035,
27039,
27047,
27049,
27055,
27056,
27060,
27066,
27070,
27075,
27079,
27087,
27089,
27091,
27094,
27099,
27106,
27120,
27121,
27122,
27127,
27129,
27137,
27138,
27140,
27141,
27145,
27147,
27148,
27152,
27171,
27173,
27175,
27182,
27185,
27186,
27198,
27199,
27215,
27226,
27228,
27231,
27233,
27244,
27249,
27261,
27272,
27278,
27281,
27288,
27289,
27291,
27293,
27296,
27297,
27300,
27303,
27309,
27310,
27311,
27319,
27330,
27332,
27336,
27342,
27343,
27352,
27360,
27361,
27362,
27364,
27369,
27375,
27384,
27388,
27392,
27397,
27403,
27409,
27415,
27419,
27422,
27428,
27432,
27440,
27442,
27449,
27455,
27456,
27466,
27469,
27476,
27480,
27482,
27484,
27485,
27490,
27496,
27503,
27504,
27511,
27522,
27536,
27537,
27538,
27540,
27545,
27547,
27551,
27554,
27559,
27564,
27574,
27575,
27580,
27583,
27585,
27586,
27588,
27589,
27591,
27599,
27601,
27604,
27619,
27627,
27628,
27629,
27636,
27652,
27661,
27667,
27668,
27669,
27670,
27679,
27696,
27697,
27700,
27714,
27720,
27723,
27725,
27727,
27732,
27734,
27739,
27741,
27754,
27755,
27762,
27764,
27767,
27769,
27770,
27783,
27784,
27786,
27793,
27796,
27797,
27805,
27806,
27808,
27817,
27818,
27838,
27844,
27851,
27852,
27859,
27860,
27863,
27864,
27866,
27868,
27874,
27878,
27879,
27880,
27881,
27882,
27888,
27891,
27892,
27893,
27897,
27903,
27904,
27912,
27913,
27917,
27925,
27926,
27928,
27932,
27934,
27935,
27938,
27951,
27960,
27962,
27967,
27968,
27979,
27980,
27982,
27984,
27991,
27992,
28001,
28008,
28019,
28022,
28028,
28030,
28037,
28041,
28044,
28047,
28048,
28057,
28058,
28067,
28069,
28075,
28082,
28086,
28087,
28088,
28091,
28096,
28101,
28106,
28112,
28114,
28118,
28123,
28126,
28145,
28146,
28149,
28150,
28155,
28159,
28166,
28167,
28169,
28172,
28173,
28182,
28184,
28186,
28191,
28196,
28199,
28204,
28209,
28210,
28215,
28216,
28221,
28223,
28224,
28238,
28240,
28241,
28257,
28259,
28261,
28262,
28269,
28271,
28272,
28273,
28279,
28285,
28289,
28293,
28298,
28301,
28302,
28306,
28308,
28317,
28319,
28328,
28332,
28334,
28335,
28338,
28346,
28357,
28363,
28371,
28379,
28392,
28397,
28401,
28405,
28424,
28429,
28438,
28443,
28453,
28454,
28455,
28457,
28458,
28459,
28461,
28465,
28470,
28481,
28488,
28489,
28491,
28503,
28505,
28512,
28514,
28517,
28524,
28535,
28539,
28542,
28543,
28546,
28555,
28557,
28560,
28567,
28571,
28573,
28575,
28584,
28587,
28589,
28596,
28601,
28603,
28604,
28605,
28606,
28607,
28609,
28611,
28615,
28617,
28627,
28640,
28647,
28648,
28651,
28659,
28672,
28673,
28682,
28684,
28690,
28698,
28721,
28727,
28733,
28735,
28736,
28738,
28750,
28752,
28757,
28759,
28760,
28761,
28762,
28763,
28769,
28775,
28778,
28783,
28784,
28788,
28790,
28796,
28803,
28808,
28811,
28812,
28819,
28822,
28823,
28828,
28833,
28836,
28839,
28853,
28854,
28856,
28862,
28866,
28868,
28871,
28880,
28883,
28902,
28907,
28908,
28911,
28924,
28931,
28932,
28949,
28950,
28953,
28955,
28956,
28957,
28969,
28971,
28986,
28989,
28995,
29001,
29015,
29026,
29030,
29031,
29037,
29038,
29044,
29049,
29065,
29067,
29071,
29078,
29085,
29088,
29090,
29094,
29095,
29101,
29102,
29117,
29120,
29121,
29124,
29131,
29135,
29136,
29139,
29140,
29141,
29151,
29156,
29160,
29171,
29177,
29182,
29189,
29191,
29198,
29209,
29210,
29212,
29213,
29218,
29224,
29227,
29231,
29247,
29250,
29251,
29252,
29262,
29263,
29265,
29270,
29271,
29277,
29286,
29287,
29296,
29305,
29308,
29309,
29313,
29321,
29330,
29335,
29342,
29348,
29349,
29351,
29352,
29357,
29359,
29365,
29366,
29370,
29373,
29382,
29386,
29388,
29392,
29393,
29396,
29401,
29405,
29417,
29422,
29429,
29437,
29439,
29450,
29458,
29459,
29460,
29463,
29469,
29477,
29488,
29518,
29520,
29521,
29526,
29532,
29536,
29542,
29546,
29548,
29551,
29582,
29586,
29587,
29592,
29596,
29597,
29606,
29609,
29614,
29625,
29632,
29633,
29640,
29642,
29644,
29648,
29649,
29652,
29661,
29665,
29670,
29675,
29680,
29681,
29682,
29684,
29685,
29686,
29689,
29690,
29691,
29694,
29699,
29703,
29710,
29714,
29720,
29729,
29730,
29736,
29743,
29744,
29745,
29753,
29754,
29760,
29767,
29770,
29773,
29781,
29782,
29787,
29788,
29795,
29801,
29806,
29807,
29808,
29810,
29813,
29827,
29834,
29836,
29840,
29841,
29842,
29850,
29852,
29855,
29858,
29866,
29875,
29877,
29894,
29898,
29908,
29911,
29920,
29930,
29935,
29936,
29939,
29950,
29953,
29962,
29974,
29976,
29978,
29989,
29990,
29999,
30018,
30026,
30029,
30038,
30055,
30063,
30074,
30078,
30080,
30088,
30097,
30099,
30100,
30102,
30111,
30117,
30123,
30144,
30150,
30154,
30161,
30163,
30164,
30167,
30168,
30171,
30179,
30194,
30199,
30200,
30202,
30204,
30205,
30209,
30214,
30217,
30220,
30233,
30234,
30250,
30254,
30257,
30259,
30273,
30279,
30285,
30307,
30317,
30319,
30321,
30323,
30324,
30329,
30331,
30334,
30336,
30342,
30343,
30348,
30355,
30363,
30368,
30371,
30382,
30393,
30395,
30400,
30403,
30407,
30411,
30431,
30432,
30439,
30440,
30442,
30451,
30455,
30457,
30460,
30463,
30464,
30470,
30473,
30477,
30479,
30480,
30498,
30501,
30510,
30513,
30516,
30517,
30529,
30531,
30538,
30541,
30545,
30550,
30565,
30569,
30571,
30576,
30589,
30598,
30602,
30606,
30614,
30617,
30625,
30626,
30632,
30638,
30641,
30643,
30645,
30646,
30649,
30652,
30665,
30666,
30668,
30684,
30690,
30695,
30698,
30701,
30702,
30707,
30713,
30714,
30718,
30731,
30737,
30739,
30740,
30742,
30750,
30751,
30752,
30758,
30760,
30772,
30774,
30794,
30795,
30807,
30813,
30814,
30816,
30829,
30834,
30840,
30842,
30844,
30852,
30860,
30868,
30869,
30870,
30874,
30878,
30882,
30886,
30896,
30898,
30909,
30912,
30913,
30925,
30931,
30939,
30951,
30953,
30955,
30969,
30984,
30987,
30991,
30996,
31006,
31009,
31014,
31018,
31021,
31025,
31030,
31033,
31039,
31044,
31047,
31048,
31050,
31054,
31055,
31061,
31062,
31067,
31069,
31070,
31096,
31098,
31100,
31101,
31106,
31123,
31126,
31127,
31129,
31132,
31152,
31154,
31155,
31156,
31163,
31169,
31170,
31171,
31172,
31173,
31174,
31184,
31198,
31205,
31206,
31208,
31211,
31214,
31228,
31241,
31252,
31256,
31258,
31269,
31276,
31277,
31279,
31282,
31284,
31286,
31292,
31293,
31295,
31298,
31307,
31319,
31323,
31343,
31344,
31348,
31350,
31357,
31361,
31368,
31372,
31374,
31384,
31388,
31392,
31394,
31395,
31397,
31408,
31440,
31441,
31447,
31448,
31453,
31455,
31460,
31462,
31463,
31464,
31472,
31481,
31490,
31493,
31494,
31499,
31501,
31503,
31506,
31510,
31511,
31512,
31516,
31526,
31537,
31538,
31541,
31549,
31554,
31555,
31559,
31564,
31565,
31573,
31580,
31590,
31592,
31607,
31613,
31619,
31623,
31641,
31643,
31647,
31648,
31649,
31661,
31666,
31671,
31676,
31684,
31692,
31694,
31697,
31703,
31714,
31718,
31721,
31727,
31732,
31734,
31744,
31745,
31749,
31766,
31777,
31779,
31781,
31783,
31784,
31795,
31807,
31809,
31814,
31816,
31818,
31823,
31824,
31829,
31831,
31836,
31841,
31842,
31848,
31849,
31851,
31860,
31862,
31864,
31872,
31876,
31877,
31883,
31885,
31887,
31894,
31901,
31903,
31905,
31917,
31922,
31925,
31928,
31936,
31940,
31945,
31947,
31951,
31952,
31953,
31988,
31989,
31990,
31991,
32003,
32007,
32013,
32015,
32017,
32018,
32022,
32024,
32039,
32040,
32046,
32049,
32052,
32059,
32062,
32068,
32069,
32076,
32085,
32087,
32089,
32092,
32095,
32097,
32098,
32107,
32110,
32114,
32115,
32122,
32130,
32132,
32134,
32149,
32152,
32155,
32171,
32177,
32180,
32181,
32186,
32190,
32197,
32200,
32203,
32210,
32214,
32215,
32221,
32229,
32232,
32235,
32239,
32256,
32257,
32276,
32278,
32290,
32306,
32328,
32329,
32331,
32337,
32347,
32349,
32355,
32361,
32364,
32367,
32381,
32385,
32400,
32401,
32405,
32406,
32413,
32414,
32425,
32427,
32429,
32434,
32439,
32441,
32444,
32449,
32453,
32464,
32465,
32469,
32471,
32477,
32479,
32484,
32493,
32499,
32503,
32508,
32532,
32544,
32554,
32578,
32579,
32585,
32586,
32587,
32590,
32594,
32601,
32610,
32612,
32614,
32621,
32622,
32624,
32636,
32638,
32639,
32642,
32643,
32646,
32650,
32663,
32664,
32683,
32690,
32692,
32702,
32714,
32716,
32722,
32724,
32727,
32739,
32740,
32748,
32750,
32751,
32758,
32760,
32761,
32764,
32769,
32770,
32771,
32773,
32774,
32775,
32776,
32777,
32781,
32783,
32794,
32800,
32802,
32803,
32805,
32815,
32817,
32832,
32835,
32836,
32843,
32844,
32847,
32856,
32857,
32864,
32868,
32870,
32878,
32882,
32884,
32895,
32897,
32902,
32903,
32909,
32911,
32919,
32920,
32930,
32935,
32939,
32944,
32946,
32954,
32968,
32977,
32979,
32992,
32994,
32999,
33005,
33006,
33008,
33010,
33014,
33020,
33024,
33025,
33030,
33035,
33040,
33044,
33047,
33049,
33059,
33066,
33068,
33089,
33094,
33096,
33111,
33122,
33129,
33133,
33135,
33136,
33138,
33143,
33144,
33149,
33150,
33151,
33152,
33163,
33179,
33187,
33194,
33196,
33197,
33201,
33202,
33203,
33213,
33214,
33218,
33220,
33223,
33231,
33236,
33249,
33250,
33252,
33258,
33265,
33269,
33270,
33273,
33277,
33283,
33284,
33292,
33297,
33301,
33303,
33304,
33309,
33315,
33324,
33329,
33336,
33348,
33354,
33357,
33360,
33361,
33373,
33378,
33380,
33387,
33392,
33393,
33401,
33406,
33409,
33424,
33425,
33427,
33434,
33441,
33449,
33452,
33454,
33461,
33474,
33481,
33482,
33486,
33487,
33493,
33501,
33503,
33504,
33508,
33516,
33530,
33544,
33548,
33557,
33560,
33572,
33588,
33605,
33610,
33611,
33618,
33625,
33633,
33636,
33643,
33653,
33654,
33664,
33666,
33668,
33672,
33683,
33691,
33692,
33694,
33703,
33704,
33708,
33720,
33724,
33740,
33741,
33748,
33764,
33765,
33771,
33774,
33778,
33781,
33786,
33788,
33792,
33794,
33797,
33800,
33803,
33807,
33813,
33820,
33822,
33825,
33829,
33834,
33837,
33842,
33851,
33859,
33862,
33867,
33868,
33871,
33894,
33897,
33898,
33902,
33904,
33913,
33916,
33919,
33921,
33925,
33928,
33933,
33942,
33945,
33952,
33955,
33958,
33960,
33962,
33965,
33973,
33980,
33986,
33987,
34014,
34016,
34018,
34022,
34023,
34030,
34039,
34045,
34047,
34048,
34051,
34062,
34063,
34064,
34068,
34072,
34077,
34079,
34082,
34086,
34090,
34093,
34101,
34105,
34106,
34107,
34108,
34111,
34113,
34118,
34120,
34121,
34130,
34135,
34142,
34155,
34156,
34158,
34160,
34161,
34165,
34168,
34177,
34181,
34209,
34213,
34217,
34232,
34235,
34242,
34258,
34261,
34265,
34273,
34274,
34275,
34284,
34285,
34287,
34289,
34302,
34315,
34316,
34328,
34339,
34348,
34362,
34366,
34376,
34385,
34393,
34400,
34403,
34404,
34405,
34406,
34411,
34414,
34419,
34426,
34436,
34440,
34445,
34460,
34463,
34467,
34492,
34500,
34510,
34513,
34515,
34524,
34527,
34530,
34533,
34541,
34542,
34546,
34555,
34567,
34569,
34575,
34593,
34596,
34597,
34599,
34608,
34611,
34616,
34617,
34618,
34619,
34622,
34626,
34643,
34644,
34648,
34656,
34657,
34665,
34670,
34672,
34674,
34675,
34676,
34678,
34680,
34681,
34684,
34687,
34695,
34701,
34709,
34712,
34714,
34720,
34722,
34726,
34732,
34733,
34735,
34736,
34738,
34742,
34743,
34745,
34753,
34763,
34777,
34781,
34786,
34791,
34797,
34815,
34816,
34824,
34825,
34828,
34831,
34833,
34838,
34839,
34843,
34845,
34848,
34850,
34856,
34872,
34878,
34879,
34880,
34882,
34884,
34890,
34893,
34900,
34903,
34905,
34909,
34920,
34927,
34938,
34940,
34943,
34944,
34947,
34986,
34996,
34998,
35002,
35008,
35014,
35015,
35019,
35025,
35026,
35029,
35034,
35039,
35050,
35059,
35063,
35075,
35089,
35093,
35114,
35117,
35124,
35126,
35127,
35135,
35136,
35147,
35148,
35156,
35159,
35161,
35168,
35184,
35195,
35201,
35205,
35219,
35228,
35233,
35234,
35243,
35247,
35256,
35260,
35267,
35275,
35277,
35278,
35287,
35292,
35295,
35309,
35311,
35314,
35327,
35335,
35336,
35338,
35340,
35344,
35356,
35358,
35363,
35364,
35371,
35372,
35405,
35415,
35416,
35418,
35423,
35426,
35435,
35439,
35446,
35448,
35449,
35460,
35475,
35486,
35489,
35491,
35495,
35496,
35502,
35509,
35520,
35523,
35527,
35528,
35534,
35542,
35543,
35544,
35545,
35546,
35548,
35553,
35559,
35586,
35587,
35601,
35604,
35608,
35611,
35617,
35622,
35637,
35644,
35652,
35653,
35655,
35657,
35659,
35667,
35668,
35678,
35681,
35686,
35690,
35691,
35692,
35694,
35701,
35712,
35714,
35716,
35717,
35720,
35723,
35724,
35737,
35740,
35747,
35752,
35761,
35764,
35766,
35769,
35782,
35786,
35796,
35805,
35806,
35808,
35813,
35818,
35819,
35820,
35821,
35828,
35831,
35845,
35849,
35851,
35853,
35862,
35870,
35874,
35883,
35889,
35891,
35895,
35897,
35898,
35900,
35903,
35908,
35911,
35913,
35918,
35929,
35934,
35949,
35961,
35965,
35968,
35983,
35996,
36003,
36010,
36018,
36021,
36022,
36024,
36026,
36030,
36031,
36035,
36042,
36043,
36046,
36053,
36059,
36065,
36068,
36069,
36074,
36078,
36079,
36081,
36084,
36092,
36096,
36098,
36100,
36104,
36105,
36112,
36121,
36122,
36123,
36129,
36130,
36137,
36138,
36150,
36157,
36160,
36166,
36167,
36172,
36177,
36183,
36192,
36194,
36203,
36207,
36230,
36234,
36241,
36246,
36250,
36265,
36268,
36278,
36283,
36288,
36292,
36302,
36310,
36312,
36314,
36315,
36329,
36336,
36344,
36349,
36354,
36359,
36363,
36365,
36370,
36374,
36385,
36390,
36394,
36397,
36408,
36409,
36410,
36415,
36416,
36421,
36423,
36430,
36435,
36437,
36438,
36441,
36443,
36444,
36445,
36447,
36458,
36461,
36471,
36487,
36488,
36490,
36503,
36506,
36509,
36522,
36524,
36529,
36530,
36535,
36539,
36544,
36550,
36556,
36559,
36561,
36566,
36570,
36577,
36584,
36585,
36597,
36600,
36602,
36603,
36606,
36619,
36631,
36639,
36640,
36644,
36651,
36659,
36663,
36664,
36665,
36668,
36678,
36679,
36683,
36684,
36693,
36694,
36698,
36702,
36712,
36727,
36728,
36730,
36733,
36735,
36737,
36741,
36742,
36746,
36747,
36757,
36759,
36766,
36772,
36782,
36785,
36787,
36799,
36807,
36812,
36821,
36828,
36830,
36831,
36833,
36839,
36840,
36841,
36850,
36856,
36860,
36865,
36867,
36868,
36871,
36875,
36879,
36880,
36884,
36894,
36900,
36905,
36911,
36922,
36929,
36931,
36945,
36949,
36954,
36962,
36964,
36967,
36980,
36983,
36992,
36997,
37003,
37011,
37016,
37028,
37033,
37039,
37046,
37048,
37050,
37056,
37060,
37061,
37064,
37066,
37076,
37079,
37084,
37087,
37088,
37089,
37100,
37101,
37114,
37116,
37117,
37128,
37134,
37144,
37146,
37148,
37151,
37155,
37158,
37165,
37167,
37169,
37172,
37175,
37176,
37183,
37198,
37199,
37206,
37208,
37218,
37223,
37233,
37238,
37245,
37246,
37247,
37249,
37256,
37259,
37261,
37267,
37268,
37285,
37290,
37295,
37302,
37306,
37318,
37319,
37321,
37323,
37327,
37328,
37333,
37342,
37346,
37349,
37352,
37356,
37364,
37383,
37386,
37390,
37391,
37393,
37401,
37404,
37407,
37431,
37440,
37445,
37448,
37457,
37461,
37464,
37465,
37468,
37471,
37473,
37492,
37493,
37496,
37503,
37514,
37519,
37525,
37527,
37532,
37535,
37536,
37538,
37539,
37540,
37548,
37549,
37551,
37557,
37559,
37561,
37563,
37565,
37572,
37573,
37576,
37578,
37587,
37588,
37590,
37593,
37595,
37598,
37599,
37601,
37609,
37614,
37621,
37627,
37631,
37637,
37642,
37650,
37654,
37664,
37675,
37678,
37681,
37684,
37697,
37702,
37704,
37708,
37709,
37718,
37731,
37748,
37753,
37756,
37758,
37762,
37765,
37768,
37774,
37775,
37781,
37784,
37787,
37790,
37791,
37795,
37806,
37815,
37822,
37832,
37834,
37835,
37845,
37847,
37850,
37852,
37858,
37862,
37863,
37866,
37868,
37877,
37881,
37884,
37885,
37887,
37892,
37893,
37899,
37903,
37905,
37912,
37913,
37914,
37916,
37926,
37929,
37932,
37938,
37941,
37945,
37946,
37953,
37956,
37961,
37969,
37970,
37972,
37976,
37978,
37983,
37989,
37991,
37992,
37997,
38003,
38006,
38010,
38026,
38028,
38039,
38056,
38057,
38063,
38074,
38077,
38084,
38101,
38118,
38125,
38132,
38134,
38136,
38150,
38152,
38155,
38164,
38177,
38184,
38186,
38187,
38190,
38191,
38199,
38205,
38206,
38211,
38225,
38226,
38232,
38234,
38235,
38238,
38248,
38249,
38251,
38252,
38256,
38260,
38263,
38267,
38272,
38273,
38274,
38278,
38287,
38291,
38293,
38301,
38305,
38307,
38308,
38309,
38315,
38318,
38320,
38323,
38324,
38326,
38327,
38330,
38331,
38332,
38342,
38344,
38345,
38347,
38348,
38354,
38355,
38360,
38361,
38363,
38364,
38365,
38368,
38371,
38372,
38378,
38380,
38383,
38387,
38389,
38395,
38396,
38397,
38399,
38402,
38404,
38406,
38410,
38413,
38420,
38421,
38423,
38429,
38431,
38440,
38441,
38445,
38458,
38464,
38468,
38471,
38475,
38483,
38485,
38492,
38499,
38501,
38507,
38510,
38515,
38523,
38541,
38543,
38548,
38549,
38550,
38554,
38562,
38569,
38574,
38579,
38580,
38587,
38592,
38598,
38606,
38609,
38611,
38616,
38623,
38627,
38633,
38649,
38650,
38652,
38657,
38663,
38665,
38667,
38668,
38672,
38678,
38681,
38683,
38691,
38707,
38713,
38721,
38723,
38729,
38734,
38744,
38751,
38753,
38781,
38785,
38786,
38791,
38793,
38797,
38799,
38804,
38805,
38806,
38811,
38814,
38823,
38828,
38831,
38833,
38850,
38857,
38858,
38861,
38870,
38876,
38879,
38880,
38882,
38900,
38902,
38910,
38911,
38914,
38917,
38918,
38923,
38925,
38931,
38932,
38936,
38946,
38947,
38948,
38965,
38973,
38975,
38983,
38984,
38992,
38994,
38995,
38997,
39000,
39008,
39013,
39014,
39022,
39024,
39033,
39037,
39041,
39044,
39047,
39051,
39063,
39068,
39085,
39086,
39088,
39099,
39102,
39111,
39115,
39116,
39120,
39121,
39122,
39126,
39127,
39129,
39132,
39134,
39136,
39141,
39147,
39148,
39153,
39154,
39157,
39165,
39168,
39174,
39180,
39188,
39189,
39191,
39193,
39205,
39207,
39212,
39213,
39214,
39220,
39233,
39238,
39241,
39245,
39246,
39251,
39260,
39262,
39264,
39266,
39267,
39268,
39269,
39270,
39282,
39293,
39294,
39296,
39297,
39305,
39314,
39316,
39322,
39323,
39334,
39351,
39355,
39357,
39359,
39370,
39378,
39382,
39383,
39388,
39390,
39392,
39397,
39400,
39411,
39414,
39415,
39418,
39427,
39434,
39437,
39438,
39439,
39452,
39453,
39454,
39459,
39463,
39480,
39484,
39488,
39507,
39508,
39509,
39510,
39514,
39519,
39532,
39544,
39549,
39560,
39561,
39565,
39568,
39569,
39580,
39584,
39589,
39590,
39598,
39611,
39613,
39614,
39621,
39626,
39628,
39633,
39641,
39653,
39665,
39672,
39688,
39694,
39695,
39711,
39725,
39728,
39732,
39734,
39737,
39738,
39739,
39745,
39746,
39750,
39755,
39757,
39766,
39768,
39770,
39786,
39792,
39797,
39800,
39801,
39802,
39807,
39810,
39811,
39815,
39826,
39831,
39832,
39837,
39840,
39841,
39845,
39846,
39862,
39873,
39883,
39884,
39886,
39892,
39895,
39896,
39898,
39902,
39910,
39914,
39916,
39918,
39926,
39929,
39930,
39940,
39947,
39950,
39957,
39968,
39971,
39979,
39981,
39990,
39998,
40006,
40008,
40009,
40018,
40022,
40023,
40025,
40026,
40027,
40029,
40030,
40034,
40040,
40041,
40044,
40047,
40061,
40064,
40078,
40082,
40094,
40096,
40099,
40100,
40106,
40107,
40111,
40119,
40140,
40145,
40146,
40154,
40157,
40158,
40164,
40166,
40175,
40189,
40192,
40193,
40199,
40200,
40207,
40208,
40209,
40211,
40213,
40216,
40220,
40221,
40224,
40230,
40242,
40243,
40244,
40250,
40252,
40255,
40257,
40264,
40266,
40267,
40276,
40282,
40287,
40288,
40292,
40294,
40298,
40304,
40305,
40312,
40318,
40319,
40320,
40324,
40325,
40329,
40330,
40347,
40353,
40355,
40362,
40368,
40371,
40377,
40378,
40379,
40384,
40390,
40401,
40424,
40425,
40430,
40441,
40442,
40446,
40450,
40456,
40457,
40463,
40468,
40470,
40471,
40473,
40475,
40480,
40482,
40485,
40488,
40490,
40514,
40515,
40519,
40538,
40540,
40550,
40560,
40567,
40581,
40585,
40586,
40589,
40591,
40598,
40599,
40620,
40624,
40625,
40633,
40639,
40640,
40641,
40643,
40644,
40647,
40648,
40651,
40653,
40655,
40660,
40669,
40682,
40686,
40689,
40695,
40708,
40715,
40726,
40727,
40731,
40736,
40742,
40745,
40748,
40752,
40754,
40757,
40759,
40764,
40765,
40773,
40777,
40780,
40783,
40790,
40792,
40797,
40799,
40800,
40814,
40819,
40824,
40825,
40828,
40840,
40843,
40852,
40853,
40881,
40883,
40897,
40898,
40900,
40902,
40903,
40906,
40910,
40916,
40919,
40921,
40937,
40938,
40943,
40944,
40953,
40976,
40981,
40994,
40998,
41001,
41002,
41004,
41006,
41008,
41018,
41034,
41056,
41061,
41068,
41070,
41071,
41073,
41074,
41075,
41087,
41111,
41113,
41114,
41115,
41117,
41121,
41126,
41130,
41134,
41136,
41142,
41154,
41156,
41158,
41160,
41162,
41165,
41169,
41173,
41183,
41194,
41200,
41205,
41208,
41216,
41219,
41220,
41223,
41230,
41240,
41244,
41249,
41253,
41254,
41263,
41271,
41273,
41274,
41275,
41288,
41294,
41296,
41301,
41306,
41307,
41308,
41310,
41314,
41316,
41320,
41323,
41332,
41334,
41339,
41340,
41345,
41367,
41370,
41371,
41373,
41382,
41384,
41398,
41401,
41402,
41403,
41406,
41407,
41415,
41421,
41425,
41444,
41446,
41448,
41466,
41470,
41471,
41480,
41483,
41487,
41495,
41498,
41499,
41510,
41520,
41522,
41526,
41528,
41533,
41534,
41542,
41544,
41547,
41563,
41564,
41565,
41566,
41568,
41570,
41583,
41586,
41593,
41600,
41605,
41606,
41612,
41615,
41616,
41618,
41619,
41620,
41631,
41634,
41636,
41643,
41648,
41649,
41654,
41660,
41663,
41670,
41680,
41682,
41686,
41687,
41692,
41700,
41703,
41704,
41709,
41717,
41721,
41728,
41729,
41733,
41734,
41736,
41739,
41743,
41756,
41766,
41775,
41777,
41779,
41783,
41789,
41796,
41797,
41803,
41807,
41818,
41827,
41830,
41835,
41836,
41843,
41847,
41854,
41870,
41871,
41879,
41883,
41884,
41886,
41896,
41898,
41906,
41913,
41920,
41921,
41925,
41926,
41955,
41966,
41982,
41990,
41991,
41994,
41999,
42004,
42008,
42009,
42014,
42015,
42021,
42023,
42032,
42034,
42040,
42048,
42071,
42072,
42075,
42081,
42107,
42116,
42126,
42165,
42168,
42190,
42192,
42193,
42196,
42200,
42201,
42204,
42206,
42213,
42215,
42218,
42219,
42220,
42227,
42233,
42240,
42243,
42246,
42249,
42266,
42274,
42287,
42293,
42295,
42298,
42301,
42310,
42311,
42313,
42316,
42324,
42328,
42331,
42333,
42339,
42341,
42344,
42350,
42353,
42363,
42371,
42373,
42382,
42385,
42393,
42415,
42418,
42431,
42440,
42444,
42463,
42469,
42470,
42481,
42482,
42492,
42493,
42500,
42501,
42532,
42534,
42537,
42541,
42549,
42561,
42565,
42567,
42568,
42571,
42573,
42576,
42579,
42587,
42591,
42596,
42597,
42599,
42601,
42602,
42603,
42608,
42611,
42612,
42616,
42618,
42620,
42623,
42624,
42631,
42643,
42650,
42653,
42654,
42657,
42667,
42673,
42679,
42680,
42682,
42694,
42700,
42704,
42711,
42712,
42714,
42720,
42726,
42730,
42744,
42748,
42751,
42753,
42768,
42770,
42772,
42774,
42775,
42776,
42777,
42778,
42780,
42787,
42788,
42791,
42793,
42804,
42805,
42812,
42813,
42837,
42849,
42860,
42869,
42871,
42875,
42883,
42884,
42892,
42901,
42902,
42911,
42919,
42924,
42928,
42930,
42943,
42944,
42945,
42947,
42949,
42955,
42956,
42960,
42963,
42964,
42967,
42970,
42971,
42973,
42981,
42984,
42985,
42990,
43007,
43013,
43014,
43015,
43023,
43029,
43032,
43038,
43039,
43042,
43046,
43054,
43056,
43058,
43063,
43068,
43071,
43083,
43090,
43100,
43102,
43107,
43112,
43117,
43120,
43130,
43131,
43136,
43138,
43148,
43151,
43153,
43158,
43160,
43163,
43167,
43170,
43176,
43177,
43179,
43187,
43201,
43207,
43209,
43210,
43212,
43214,
43216,
43217,
43240,
43241,
43249,
43253,
43259,
43262,
43263,
43264,
43270,
43271,
43276,
43278,
43279,
43282,
43295,
43296,
43297,
43299,
43301,
43305,
43306,
43308,
43318,
43330,
43331,
43334,
43338,
43340,
43345,
43346,
43347,
43350,
43358,
43359,
43361,
43372,
43381,
43385,
43387,
43410,
43412,
43415,
43425,
43430,
43434,
43441,
43443,
43453,
43461,
43469,
43482,
43484,
43488,
43500,
43501,
43504,
43505,
43507,
43509,
43510,
43512,
43514,
43520,
43521,
43526,
43540,
43542,
43551,
43557,
43559,
43560,
43571,
43575,
43582,
43593,
43597,
43600,
43601,
43605,
43607,
43609,
43610,
43621,
43631,
43632,
43643,
43647,
43648,
43655,
43661,
43662,
43663,
43665,
43668,
43669,
43680,
43682,
43688,
43691,
43694,
43708,
43713,
43714,
43715,
43717,
43721,
43729,
43731,
43734,
43742,
43743,
43754,
43755,
43759,
43764,
43774,
43776,
43777,
43778,
43786,
43792,
43795,
43796,
43809,
43810,
43819,
43820,
43823,
43825,
43826,
43832,
43849,
43870,
43871,
43872,
43880,
43892,
43893,
43900,
43901,
43904,
43906,
43909,
43914,
43915,
43919,
43922,
43924,
43926,
43933,
43935,
43940,
43952,
43958,
43959,
43960,
43964,
43965,
43972,
43976,
43981,
43989,
44002,
44003,
44008,
44015,
44018,
44021,
44022,
44026,
44031,
44033,
44035,
44040,
44041,
44045,
44052,
44059,
44061,
44064,
44075,
44076,
44077,
44080,
44081,
44083,
44084,
44085,
44086,
44089,
44100,
44102,
44111,
44115,
44123,
44133,
44137,
44141,
44147,
44149,
44154,
44155,
44157,
44171,
44172,
44178,
44179,
44188,
44191,
44192,
44195,
44197,
44208,
44220,
44222,
44223,
44233,
44236,
44237,
44239,
44240,
44256,
44257,
44269,
44270,
44279,
44289,
44293,
44297,
44303,
44308,
44314,
44316,
44324,
44327,
44342,
44346,
44349,
44350,
44353,
44355,
44362,
44369,
44380,
44386,
44388,
44390,
44392,
44395,
44397,
44399,
44405,
44412,
44415,
44422,
44441,
44443,
44444,
44446,
44452,
44470,
44474,
44475,
44484,
44485,
44488,
44489,
44502,
44507,
44534,
44537,
44539,
44554,
44569,
44587,
44590,
44592,
44602,
44604,
44608,
44614,
44615,
44616,
44619,
44629,
44631,
44632,
44633,
44652,
44655,
44657,
44659,
44671,
44674,
44684,
44686,
44687,
44690,
44691,
44692,
44695,
44696,
44697,
44699,
44701,
44704,
44705,
44706,
44713,
44723,
44724,
44728,
44729,
44732,
44737,
44738,
44754,
44759,
44771,
44772,
44774,
44775,
44779,
44781,
44785,
44789,
44790,
44795,
44803,
44805,
44807,
44814,
44819,
44821,
44824,
44831,
44832,
44834,
44845,
44850,
44854,
44855,
44863,
44865,
44867,
44869,
44874,
44878,
44881,
44882,
44884,
44886,
44887,
44890,
44898,
44899,
44906,
44910,
44915,
44919,
44923,
44924,
44927,
44928,
44929,
44935,
44941,
44945,
44948,
44956,
44958,
44960,
44965,
44970,
44972,
44973,
44974,
44976,
44977,
44985,
44987,
44988,
44990,
44993,
44999,
45006,
45010,
45017,
45018,
45022,
45025,
45027,
45032,
45044,
45045,
45048,
45065,
45075,
45076,
45077,
45082,
45084,
45086,
45091,
45099,
45102,
45103,
45105,
45108,
45112,
45113,
45117,
45125,
45127,
45132,
45133,
45136,
45141,
45153,
45168,
45172,
45177,
45178,
45183,
45189,
45191,
45195,
45196,
45199,
45200,
45203,
45206,
45207,
45208,
45221,
45236,
45239,
45253,
45254,
45261,
45263,
45268,
45269,
45270,
45273,
45280,
45281,
45284,
45289,
45291,
45292,
45293,
45295,
45297,
45300,
45310,
45314,
45317,
45322,
45327,
45336,
45337,
45338,
45344,
45347,
45368,
45371,
45379,
45382,
45390,
45394,
45398,
45403,
45414,
45415,
45423,
45425,
45427,
45437,
45439,
45446,
45449,
45451,
45457,
45466,
45469,
45478,
45485,
45486,
45487,
45499,
45502,
45503,
45504,
45506,
45509,
45510,
45530,
45542,
45546,
45548,
45557,
45569,
45573,
45584,
45589,
45603,
45604,
45610,
45612,
45617,
45618,
45619,
45620,
45621,
45622,
45625,
45635,
45637,
45642,
45652,
45658,
45659,
45663,
45678,
45682,
45696,
45704,
45708,
45712,
45727,
45728,
45740,
45746,
45747,
45761,
45764,
45765,
45771,
45773,
45776,
45778,
45780,
45785,
45786,
45790,
45791,
45802,
45810,
45812,
45814,
45815,
45821,
45822,
45825,
45828,
45844,
45847,
45848,
45871,
45877,
45884,
45885,
45891,
45892,
45904,
45909,
45914,
45916,
45941,
45949,
45960,
45970,
45980,
45982,
45989,
45996,
46007,
46011,
46015,
46024,
46025,
46027,
46032,
46033,
46036,
46042,
46049,
46051,
46053,
46056,
46058,
46060,
46063,
46064,
46065,
46067,
46069,
46079,
46080,
46087,
46092,
46093,
46095,
46098,
46099,
46104,
46108,
46110,
46111,
46121,
46131,
46136,
46148,
46151,
46153,
46154,
46155,
46159,
46163,
46173,
46176,
46178,
46192,
46193,
46201,
46203,
46205,
46212,
46222,
46231,
46233,
46236,
46237,
46251,
46257,
46259,
46264,
46276,
46278,
46297,
46303,
46310,
46312,
46314,
46319,
46330,
46332,
46338,
46348,
46349,
46351,
46356,
46363,
46370,
46375,
46376,
46377,
46392,
46397,
46399,
46400,
46402,
46404,
46408,
46413,
46417,
46420,
46423,
46427,
46431,
46439,
46441,
46451,
46453,
46456,
46462,
46464,
46465,
46467,
46484,
46486,
46489,
46494,
46496,
46500,
46502,
46511,
46513,
46522,
46525,
46527,
46528,
46531,
46533,
46537,
46538,
46543,
46544,
46548,
46554,
46557,
46558,
46563,
46564,
46565,
46567,
46573,
46582,
46588,
46589,
46597,
46598,
46600,
46602,
46604,
46605,
46606,
46617,
46618,
46629,
46632,
46637,
46646,
46662,
46669,
46677,
46680,
46691,
46699,
46707,
46711,
46712,
46713,
46714,
46716,
46718,
46719,
46721,
46730,
46736,
46737,
46749,
46754,
46757,
46759,
46760,
46762,
46768,
46769,
46774,
46775,
46790,
46791,
46792,
46795,
46798,
46799,
46800,
46803,
46806,
46808,
46810,
46814,
46819,
46820,
46834,
46835,
46836,
46840,
46846,
46850,
46853,
46856,
46864,
46877,
46881,
46886,
46899,
46900,
46903,
46908,
46910,
46918,
46922,
46925,
46956,
46977,
46992,
46994,
46996,
46998,
47004,
47006,
47010,
47011,
47017,
47027,
47029,
47030,
47037,
47041,
47045,
47051,
47055,
47056,
47057,
47070,
47073,
47075,
47084,
47087,
47088,
47091,
47099,
47108,
47110,
47119,
47120,
47131,
47132,
47133,
47138,
47152,
47154,
47160,
47162,
47167,
47184,
47193,
47197,
47198,
47204,
47215,
47217,
47220,
47221,
47222,
47229,
47234,
47243,
47257,
47258,
47260,
47267,
47268,
47271,
47289,
47296,
47302,
47309,
47311,
47313,
47314,
47315,
47317,
47318,
47323,
47326,
47339,
47342,
47346,
47353,
47368,
47373,
47374,
47375,
47378,
47379,
47390,
47395,
47399,
47403,
47411,
47413,
47423,
47424,
47427,
47428,
47429,
47435,
47436,
47438,
47442,
47444,
47447,
47450,
47454,
47458,
47462,
47463,
47465,
47469,
47472,
47485,
47490,
47493,
47497,
47499,
47502,
47513,
47516,
47517,
47525,
47528,
47530,
47532,
47537,
47548,
47549,
47553,
47558,
47561,
47562,
47567,
47570,
47576,
47578,
47580,
47584,
47588,
47589,
47592,
47599,
47600,
47601,
47602,
47604,
47616,
47622,
47625,
47626,
47638,
47639,
47640,
47647,
47648,
47652,
47657,
47663,
47665,
47670,
47674,
47684,
47686,
47691,
47694,
47699,
47701,
47706,
47707,
47708,
47709,
47713,
47717,
47720,
47722,
47732,
47740,
47741,
47759,
47760,
47764,
47772,
47781,
47788,
47789,
47790,
47794,
47800,
47803,
47808,
47823,
47827,
47830,
47839,
47840,
47846,
47849,
47851,
47857,
47859,
47865,
47868,
47870,
47873,
47877,
47879,
47881,
47894,
47895,
47897,
47898,
47909,
47911,
47915,
47920,
47922,
47924,
47927,
47928,
47932,
47933,
47935,
47957,
47958,
47960,
47961,
47983,
47984,
47990,
48002,
48007,
48016,
48017,
48018,
48019,
48021,
48022,
48023,
48036,
48041,
48046,
48061,
48067,
48069,
48074,
48077,
48097,
48101,
48104,
48107,
48110,
48120,
48137,
48144,
48145,
48148,
48162,
48163,
48178,
48180,
48181,
48187,
48193,
48194,
48200,
48203,
48207,
48211,
48216,
48218,
48219,
48222,
48231,
48232,
48235,
48236,
48241,
48243,
48245,
48259,
48263,
48264,
48268,
48280,
48282,
48285,
48291,
48295,
48308,
48312,
48317,
48320,
48332,
48335,
48342,
48344,
48348,
48353,
48355,
48373,
48374,
48375,
48384,
48388,
48389,
48394,
48398,
48399,
48406,
48409,
48413,
48414,
48424,
48434,
48435,
48437,
48440,
48450,
48473,
48474,
48494,
48498,
48500,
48503,
48506,
48507,
48513,
48520,
48521,
48525,
48526,
48533,
48535,
48539,
48543,
48544,
48548,
48549,
48554,
48555,
48560,
48568,
48575,
48578,
48579,
48580,
48585,
48587,
48593,
48596,
48600,
48607,
48608,
48609,
48611,
48612,
48613,
48614,
48616,
48617,
48618,
48620,
48623,
48632,
48636,
48638,
48646,
48652,
48654,
48657,
48667,
48669,
48670,
48677,
48679,
48680,
48688,
48698,
48702,
48714,
48715,
48735,
48739,
48740,
48742,
48747,
48762,
48769,
48770,
48773,
48774,
48778,
48780,
48781,
48785,
48786,
48789,
48792,
48793,
48794,
48795,
48796,
48802,
48803,
48810,
48811,
48818,
48827,
48829,
48831,
48843,
48845,
48849,
48851,
48859,
48862,
48865,
48878,
48879,
48881,
48883,
48894,
48895,
48898,
48903,
48904,
48924,
48926,
48928,
48929,
48933,
48934,
48937,
48940,
48946,
48947,
48949,
48962,
48968,
48982,
48989,
48992,
48999,
49008,
49014,
49022,
49023,
49037,
49046,
49051,
49053,
49068,
49072,
49078,
49092,
49096,
49098,
49100,
49105,
49109,
49111,
49112,
49113,
49114,
49115,
49120,
49123,
49131,
49137,
49138,
49140,
49141,
49143,
49150,
49158,
49171,
49172,
49173,
49174,
49178,
49180,
49188,
49190,
49200,
49212,
49213,
49219,
49225,
49232,
49239,
49246,
49247,
49249,
49256,
49258,
49261,
49262,
49264,
49265,
49269,
49270,
49279,
49285,
49289,
49292,
49302,
49314,
49321,
49332,
49334,
49335,
49344,
49347,
49356,
49361,
49362,
49364,
49368,
49370,
49374,
49386,
49387,
49388,
49394,
49404,
49405,
49410,
49413,
49416,
49427,
49429,
49430,
49432,
49434,
49441,
49445,
49446,
49449,
49452,
49453,
49454,
49456,
49462,
49465,
49466,
49472,
49474,
49490,
49492,
49496,
49498,
49500,
49502,
49505,
49512,
49517,
49533,
49536,
49547,
49559,
49564,
49565,
49572,
49573,
49575,
49585,
49586,
49593,
49595,
49596,
49611,
49613,
49614,
49617,
49622,
49623,
49629,
49630,
49631,
49636,
49645,
49646,
49656,
49661,
49690,
49696,
49702,
49703,
49710,
49711,
49718,
49723,
49725,
49733,
49735,
49737,
49740,
49741,
49742,
49745,
49746,
49747,
49751,
49753,
49754,
49764,
49772,
49778,
49783,
49784,
49785,
49792,
49794,
49796,
49797,
49799,
49819,
49822,
49830,
49833,
49838,
49839,
49846,
49847,
49848,
49850,
49855,
49856,
49863,
49866,
49867,
49869,
49870,
49871,
49874,
49879,
49883,
49884,
49889,
49893,
49894,
49900,
49901,
49903,
49912,
49914,
49919,
49923,
49930,
49936,
49937,
49944,
49950,
49959,
49964,
49966,
49967,
49969,
49970,
49972,
49973,
49974,
49977,
49979,
49987,
49996,
49997,
49999,
