x1,x2,y
-0.53578943,-0.16810182,1
-1.0532967,-1.2636144,0
-1.0921712,0.7221345,0
1.5012043,-0.34460703,1
1.7404578,-1.4191625,0
0.4530686,-0.8103937,1
0.04640855,0.39843884,0
-1.6213269,0.026242942,0
-1.5329545,-0.80377275,0
-1.520625,-0.7332799,0
-1.6268239,-0.6551991,0
0.1479151,0.023503741,1
0.19420388,0.7048162,0
0.092840016,-1.845242,0
1.5579841,0.7455955,1
-1.5128111,0.44733307,0
1.0042226,-0.7267561,1
-0.2344543,1.6760322,1
0.9882409,-1.9869776,0
-0.1930235,-0.7313835,1
0.3081633,0.6164299,0
1.3944912,0.95054543,1
-1.47256,0.41830024,0
-0.10903187,0.802882,0
-0.5022903,-0.108690485,1
1.1841922,-0.68294704,1
-0.16840887,-0.09385155,1
0.29314035,-0.76973933,1
1.9285712,-1.4444695,0
-0.75210404,0.74959755,0
0.35627067,0.6971609,0
0.58767766,-0.74821156,1
0.3279915,-1.9296438,0
-0.14714903,-0.012585849,1
-0.54893047,1.8365681,1
-0.7001247,0.91368276,0
-1.729949,0.075010456,0
1.4879868,0.5364728,1
1.6679674,0.7432809,1
0.518098,0.14974633,0
0.03671967,-1.8814281,0
-0.9485469,0.54537266,0
-1.0017025,-1.5520611,0
-0.6204484,0.7070979,0
-0.6629169,-1.7971197,0
0.39333114,0.31880245,0
-1.3779261,1.7278218,0
0.3514664,-0.8287911,1
0.59240425,-0.71368325,1
-1.1589675,0.5872677,0
0.89490396,-0.6360179,1
0.23728906,0.01497482,0
-1.7261214,-0.113269314,0
0.8241583,1.5813593,1
-0.014914778,0.69401294,0
0.36487648,-0.92049295,1
0.0832425,0.5403957,0
-1.6233959,-0.29758936,0
-0.06919054,-1.7556614,0
0.44424292,-0.73692673,1
0.952886,1.3858275,1
0.27926856,0.56154096,0
-0.49450278,-0.27839252,1
0.36853576,-0.83613,1
-0.3325505,-0.23475693,1
-1.354786,1.7590103,1
0.21728514,-1.9831355,0
0.45016328,0.3869094,0
0.15469837,-0.7793431,1
-1.4476274,0.3297379,0
-0.9742063,1.7223094,0
1.5343838,-0.13685365,1
-1.5025634,0.4903808,0
0.44583324,-1.9737866,0
-1.492682,0.27019405,0
0.40683192,0.104747824,0
-0.18589103,1.9421215,1
-0.13785027,0.77963614,0
0.8941142,-0.79395586,1
1.5597647,0.65278065,1
0.3439574,1.6683487,1
-0.4652612,-0.67185163,1
-0.41890457,0.7598584,0
0.508638,0.019744072,0
-1.5594885,0.47631627,0
-1.7424872,-0.58642465,0
0.6238415,-0.8066896,1
0.8989949,-0.5647832,1
1.1077207,-0.39557454,1
0.34414053,0.3297066,0
0.89202046,1.6505795,1
1.196381,1.4634285,1
0.211316,0.49127623,0
-1.6883801,0.1821245,0
0.2141475,0.010125203,0
1.5544608,-0.28128183,1
-1.6450591,-0.14706421,0
-0.75590384,-1.7650534,0
0.25119355,0.27677786,1
1.6717561,-1.5716155,0
-0.16690803,1.7781271,1
-0.18216018,0.72522664,0
-1.3899293,-1.391164,0
-0.403941,0.007184694,1
-1.0119028,0.74133015,0
-1.6432927,-0.9956373,0
0.45786026,-0.7791329,1
-0.6579987,0.8387296,0
-1.6517621,1.5991311,1
-0.21531172,-0.36160603,1
-0.6365094,-1.6091363,0
-1.6161319,-0.33813938,0
0.267902,0.6213632,0
0.4360473,0.23426436,0
-0.15573092,0.8621363,0
0.78990525,-0.847619,1
-0.03835421,-0.76133275,1
0.22999218,-0.8297431,1
-0.25494054,-0.7222737,1
0.3520016,0.037828423,0
1.54602,0.87622017,1
-0.03812342,0.8059884,0
1.3981196,-0.48473513,1
-0.14806424,-0.5173753,1
-1.0040325,-1.5416733,0
1.0340366,1.5729611,1
0.12348404,0.660798,0
1.3956523,-0.24935667,1
-1.6351979,-0.32962298,0
-0.8882301,0.6944331,0
0.27577114,1.8457851,1
1.1979586,0.8832333,1
0.13000926,0.8081411,1
-0.7652818,-1.8958187,1
-0.860858,-1.4453616,0
-1.728621,-0.523077,0
-1.3826908,0.44685608,0
-1.5596724,-0.2128049,0
1.0353707,-0.5121803,1
0.3805107,0.36532402,0
-0.8389277,-1.5282938,0
-1.7222904,-0.18455733,0
1.4990698,-0.49246612,1
-0.052887354,0.82522345,0
0.2865632,-0.87430084,1
0.8172704,-1.6890029,0
0.5341559,-1.8655792,0
1.7289143,0.09404581,1
-0.26075605,-0.015130467,1
0.39030093,0.31158367,0
1.1963495,-0.49321958,1
0.41776636,0.27694842,0
0.8144359,-0.8018247,1
-1.5853964,-1.1053022,0
1.4873434,0.9491282,1
-0.6355492,-0.30721486,1
1.4685142,1.1876779,1
-0.32078013,-0.5360217,1
-0.3607589,1.7437938,1
0.045605805,0.5579562,0
1.4275125,0.9302876,1
0.41956556,0.49583605,0
1.6040862,0.60602194,1
0.4676414,0.11793818,0
0.11097735,0.70309275,0
-1.5820407,-0.13683896,0
0.8875425,1.3240008,1
-0.0792079,-1.9038724,0
1.4435672,-0.27891004,1
0.34293857,0.6221073,0
-0.11939489,1.7792475,1
1.5602534,0.21551603,1
-1.6710767,-0.020980503,1
0.31462356,-0.77099854,1
0.33380136,0.662611,0
1.1003336,-0.60579705,1
-0.38377416,1.8556703,1
0.18753281,-0.5769246,1
-0.027441245,-1.6846461,0
0.88840437,1.6480968,1
-0.32798228,-0.2143279,1
0.15500487,-0.8027949,1
-1.0354832,1.641908,1
1.5415032,-0.24937998,1
0.51711196,1.7470435,1
1.640408,0.12137028,1
-0.42770016,-0.053539865,1
1.3384672,1.018902,1
0.09343216,0.8205491,0
0.22044814,0.21789937,0
0.4514341,0.0026528796,0
-0.5841347,1.8730842,1
0.057543356,-0.8128267,1
-0.56934726,-2.0045726,0
-1.044954,0.5390682,0
0.3203714,0.6203242,0
1.7353294,0.7608978,1
-0.9626401,1.8615271,1
0.35721156,0.48758578,0
-0.35927933,-1.8593171,0
1.6145415,-0.027949806,1
-0.38151765,-0.4542429,0
0.68135834,-0.8242496,1
-1.3466972,-1.2772441,0
-1.6329057,0.23503679,0
-1.7558423,-0.14242908,0
-1.4105816,1.6227856,1
-1.6951519,0.061472185,0
-1.5263495,0.045006078,0
-1.4536357,-0.042562727,0
0.41487908,0.09419282,0
0.64925647,0.3561723,0
-1.6054492,1.505242,1
-0.17379546,-0.7272489,1
-1.7267908,1.6080654,1
-1.5050906,-0.9114383,0
0.024300883,-0.8289965,1
-0.5722149,-1.8583987,0
-1.6333294,-0.25082955,0
-0.12347501,-0.6320088,1
0.5062942,-0.043598127,0
0.52442306,-0.6939711,1
0.26959595,-0.03963751,0
1.2598939,1.2539383,1
1.3786544,1.2385716,1
-0.22317475,0.6113936,0
0.13800666,0.73753583,0
-1.0065413,0.82193,0
1.6048568,-0.21421166,1
0.47300595,0.23900777,0
0.29607987,0.4238827,0
0.979525,-1.7762861,0
0.45725718,1.8566657,1
-0.23221123,1.8128748,1
1.6381133,0.8946726,1
-1.76732,-0.58499247,0
1.4889891,0.7877398,1
-1.4949987,-0.8445331,0
0.22211608,0.58514225,0
-1.4938098,0.59101963,0
-1.6188325,-0.24521995,0
-0.14141601,0.73802036,0
1.0589237,-0.57038057,1
-0.26574135,0.80640763,0
1.3092893,1.275146,1
0.5557727,-0.6381326,1
1.9022319,0.04192198,1
0.75091493,1.4524851,1
-1.5966412,0.4134497,0
-0.52084166,-0.35586375,1
-0.17941917,0.8405138,0
0.9950287,1.2230606,1
-0.15142289,-0.949292,1
0.400191,0.13105069,1
-1.206647,0.73804516,0
-0.07618019,0.7702631,0
0.112451494,-0.8319563,1
-0.8565774,-1.5306112,0
0.15692286,0.59006405,0
1.5568285,0.026388776,1
1.0526491,-0.63653964,1
1.2968975,0.82430196,1
0.6063817,0.6188362,0
-1.6257188,-0.44950607,0
0.048096202,0.6004312,0
0.26051685,0.009823024,0
-0.44093147,0.96410286,0
0.426725,0.1685021,1
-0.36248994,-1.7428238,0
-1.0349593,0.5347028,0
-1.7591887,-0.34154257,0
0.04883781,-0.78631216,1
1.188696,-1.7522398,0
0.63911647,-1.9676709,0
-0.346244,-0.07685839,1
0.57580966,1.7627231,1
-1.3594803,0.17533708,1
-0.14558582,-1.6001275,0
-1.0053331,0.8070477,0
0.57125974,-0.71189517,1
-0.24735859,0.68273383,0
1.6597159,0.023376366,1
-1.3786849,-1.0075512,0
-0.5506282,-0.26372063,1
1.1846048,-0.673937,1
1.4692626,0.94287705,1
-0.3119191,-0.5825775,1
-1.6921524,-0.5435818,0
-1.1518582,0.6877898,0
1.1059142,1.3211968,1
0.20986608,0.5459409,0
-1.4034423,1.8087693,1
-1.7619728,-0.09582703,0
-0.31886482,-0.19177324,1
-0.57634556,-0.06440208,1
-1.4007857,1.6061184,1
-0.3368141,-0.033283323,1
0.17670487,0.22594096,0
-1.1918073,0.62488216,0
-1.6641936,-0.8359136,0
-0.37174997,-0.035947803,1
0.08884284,-0.98591954,1
1.2106515,-0.40830144,1
1.4210653,-1.8183575,0
0.5434021,0.26346377,0
1.5678016,-0.10250479,1
-1.5684636,0.33624154,0
0.39895836,-2.024038,0
0.7489263,-0.6235248,1
1.3711346,1.2882911,1
1.4402055,0.6919948,1
0.44847712,-1.7938411,0
1.0760044,-0.43283385,1
-1.5375466,-0.33595687,0
-1.4598413,0.22564144,0
0.31901953,0.20544451,0
0.31280112,0.15587182,0
-1.3403575,0.13048251,0
-1.8084749,-0.15234497,0
1.6901594,0.21295153,1
-0.18690205,-0.07299417,1
-0.38470814,0.7264199,0
0.30030254,0.31159842,0
-1.1568253,1.9658133,1
1.5030234,-1.7146225,0
1.5391862,0.4892538,1
1.5881209,0.30885637,1
1.080076,-0.69537413,1
-0.6162851,0.90319324,0
0.7484612,-0.79230374,1
-1.7518402,-0.02617807,0
0.18700688,-0.7202694,1
1.2218641,-1.8379339,0
1.1622376,-0.59224147,1
-0.33985385,-0.48569813,1
0.2690613,0.022863027,0
-0.25763777,0.8373997,0
0.47191596,-0.7804396,1
-1.3541814,0.55198795,0
-0.35523105,0.9020278,0
0.27513972,0.19967741,0
-1.5787307,-0.5134292,0
-0.49614108,-0.11866055,1
-0.5048509,-1.6403321,0
-0.061760996,-0.66248333,1
0.25582808,0.6935099,0
-1.8508576,-0.670331,0
1.3700634,-0.7017339,1
-1.6868867,-0.5610613,0
-0.41804683,-1.7582711,0
0.5420882,-0.6768404,1
1.3213075,1.3042139,1
0.0045444337,1.799219,1
-0.38078487,-0.18687214,1
0.31269553,0.066329695,0
-1.4889262,-0.85082984,0
0.58733195,-1.9141852,1
-1.7683272,1.5466075,1
0.70749927,-0.6856988,1
-0.23429313,0.8597656,0
-0.09888371,0.7181889,0
-0.6795273,1.9181972,1
1.4708087,0.022943765,1
0.020691438,-0.6888017,1
-0.8900118,-1.5477592,0
-0.36274758,-0.19902514,1
-0.67394155,0.7399035,0
-1.3489811,-1.0867043,0
-0.31415933,-0.44165733,1
-1.4334533,0.12713438,0
-0.3166357,-0.12325385,1
-0.037477117,0.7481067,0
0.10059375,-0.90011376,1
-0.55456495,0.70964915,0
1.0331001,1.332337,1
-0.62066627,-0.12071668,1
-0.41420838,-0.462128,1
-0.39660412,1.7956474,1
-0.42048293,-0.30220217,1
-0.15159823,0.76597136,0
-0.018847696,-0.7301266,1
-1.0763127,-1.3896416,0
-0.6067235,-1.6428332,0
0.3969925,0.36706,1
-0.051833536,-1.687159,0
-0.17291479,-0.6314788,1
0.05053669,0.5888257,0
-0.6405493,0.7335059,0
-1.7150192,-0.4260747,0
-0.33735847,0.9505044,0
0.6525097,0.41265616,0
-0.5622856,0.812767,0
-0.4059706,1.0052284,0
1.0954823,-0.5826445,1
0.31534693,0.4992277,0
-0.28892183,0.69030637,0
-0.039262246,0.78645134,0
-0.06214596,-0.751066,1
0.28362408,0.24603163,0
0.28036147,-0.08418172,0
1.3540245,0.1178964,1
1.5833404,0.56967145,1
-0.5592065,0.8456198,0
-0.16976345,-1.7690666,1
-1.4920502,-0.009054874,0
0.028767532,0.6954289,0
1.0090914,-1.7992201,0
1.4964861,-0.070844784,1
-0.94110614,-1.487628,0
0.16770753,0.55004084,0
0.5113425,-0.7047262,1
0.46496972,-1.7874076,0
-0.20603389,0.7389257,0
-0.4477031,0.94273305,0
0.029873328,-0.81516325,1
1.0529194,-1.8945856,0
-0.35032007,-0.23037499,1
-1.0623226,1.7743504,1
-0.51965535,-0.5167543,1
-0.3793616,1.6706016,1
-1.0668899,0.5068355,0
0.9262027,-0.5902213,1
-1.0790327,-1.4810257,0
-0.385311,1.9266429,1
-0.88338727,0.5321764,0
-1.6770543,-0.62396204,0
0.23402792,0.0070133475,0
1.5637696,0.57359076,0
-1.3854272,-1.0944815,0
-0.35303026,-1.7948109,0
0.6804458,-1.8088659,0
-1.5648451,0.045611672,0
-1.1332976,1.7323513,1
-1.2368554,0.7207246,0
-0.7341621,0.6816639,0
-0.19477831,-0.85085905,1
1.5322155,0.38179263,1
-0.516357,-0.45600215,1
0.78583235,-1.693045,0
-0.18036023,-0.070794106,1
-1.0146745,1.6747243,1
-0.47596306,1.8214296,1
-0.06425222,-0.69570225,1
1.055459,-1.7949576,0
-1.4568689,1.7988887,1
0.5305703,1.520129,1
0.31821764,0.017515264,0
-1.1684055,1.9225485,1
1.4507122,-0.3516079,1
1.3689828,-0.69378245,1
-1.6321132,-0.84599507,0
-0.12712501,-2.0005338,0
-1.5295079,0.08474292,0
-1.6151733,-0.3779696,0
0.7825255,1.4107506,1
1.6240262,-0.13947809,1
-0.21665831,-0.7195166,1
1.7001641,0.7896674,1
1.2841601,-0.29294634,1
-1.189415,0.5468362,0
-1.9254426,-0.9359989,0
-1.1417451,0.66517144,0
1.2695438,0.92768866,1
-0.7641322,0.78178364,0
-0.2404567,-0.116252534,1
1.4943813,0.3785682,0
0.6941358,0.32006872,0
-1.080672,0.56731594,1
0.47240323,0.22131822,0
0.23855922,0.5418217,0
0.23023885,0.51957655,0
0.5212075,0.47511852,0
-1.6208841,1.7425443,1
0.32683873,-0.0025849608,0
-0.15337878,0.04397647,1
-0.3012748,-0.45417973,1
0.6948039,-0.6813946,1
-0.36730874,-0.8009283,1
-0.48878956,-0.30258247,1
-1.0653259,1.701686,1
-0.8632911,0.7199691,0
-0.32571018,-0.47583526,1
-1.9835933,1.5540938,1
-0.6218572,-1.5447193,0
0.26303634,0.2623314,0
-0.9990576,1.8221916,1
-1.642838,0.03530375,0
-0.36990616,-0.8622102,1
-0.5157039,-0.3913044,1
-0.040272724,1.9090643,1
-1.0984194,1.7813966,1
1.769673,-1.4722209,0
1.0758852,-0.6361489,0
0.5807658,-0.9184316,1
0.38017458,1.7615663,1
-1.2797048,0.49573797,0
-0.4514184,-0.16492762,1
-0.46258906,0.7127977,0
0.4307619,0.12471281,0
1.3265321,-0.50596267,1
0.022579493,1.9409751,1
-0.4764905,-0.40661174,1
0.619928,-0.8966264,1
-1.4076397,-1.1351593,0
1.577691,-0.096363515,1
-1.3558517,0.42867976,0
-1.7975532,-0.5187108,0
0.3160825,0.23912688,0
0.957573,-1.7307445,0
-0.84643406,0.71173185,0
0.40420187,-0.8484157,1
0.40405306,1.8376147,1
0.021306382,-0.59355396,1
1.293736,-1.7127676,0
1.4180746,0.22987837,1
-1.0864531,0.38914075,0
-0.108358726,1.7410997,1
0.9891151,1.2338983,1
1.3169651,-0.25132796,1
1.0113527,1.5416604,1
0.17341825,0.45124885,0
0.8145527,-0.8031382,1
0.039527178,0.6714588,0
0.92295253,1.3798835,1
-0.57307196,-0.43323252,0
-0.8400013,0.73489934,0
-0.3169021,-0.16907606,1
1.5989413,0.6286064,1
-1.225096,1.7702427,1
1.3407781,-0.014683484,1
1.0687573,-0.5946242,1
0.94943744,-0.88740134,1
-0.901863,0.72182685,1
-0.5549825,1.7058983,1
1.2371119,0.91120046,1
-0.046324793,1.8946501,1
-0.35840017,1.9124955,1
1.1174175,-0.704262,1
0.66631836,1.8705764,1
0.09428847,1.9507372,1
1.7476887,1.1356453,1
1.0398474,-0.48472396,1
-0.5501396,1.9497652,1
-0.397536,-1.7539173,0
1.4739683,-0.059396364,1
-1.2147069,-0.047752883,0
1.2174114,1.2847227,1
-0.2449558,-0.046005275,0
0.9864614,1.5836366,1
0.0034827786,0.79823786,0
-1.6334159,0.26737458,0
-0.2999294,0.82647705,0
1.5229074,0.8279058,1
-0.95254356,0.69019467,0
1.6113635,0.028505709,1
1.2215061,1.1145679,1
-1.5354248,-1.0380442,0
-0.8726858,0.6802409,0
-1.5199307,0.6553011,0
-1.7173666,-0.09493307,0
0.9988438,-1.774008,0
1.3606445,-0.41402966,1
1.2300074,-1.7576586,0
-0.4261717,-1.796738,0
-0.18392771,-0.623298,1
0.3023097,0.43818998,0
1.3038759,1.2001947,1
-0.46979454,-0.27309668,1
-0.66091424,0.85095876,0
-1.7282958,1.6161968,1
-1.140414,0.58791393,0
0.49379852,-0.79087806,1
1.0405741,-1.8082733,0
1.1967001,-1.7108974,0
-0.21641621,-0.24891503,1
0.3710551,0.5874607,0
-0.3956907,-0.18701373,1
-1.4283159,-0.8778321,0
-0.3938906,-0.43074247,1
-0.50321674,-0.30057752,0
-1.7677196,0.022919236,0
1.3357191,0.89298034,1
-1.6864729,-1.058364,0
-0.85301936,-1.3388119,0
-0.27815485,1.8409092,1
-0.4492984,-0.014107903,1
-0.2864272,1.8486261,1
-1.7986712,-0.8853511,0
1.4688698,0.88154924,1
1.0277665,-0.8137284,1
-0.6179612,0.9403508,0
-0.93712956,0.75488424,0
-0.7550893,-1.6388302,0
1.408986,-1.7147099,0
-1.0753479,-1.4892876,0
0.0024339545,0.68651253,0
-0.7473965,-1.4915445,0
-1.4558991,-0.33640763,0
0.2228056,-0.007549199,0
-1.4166727,0.08947558,0
0.1254782,-0.082094744,0
1.5041072,0.3041711,1
0.5762133,-0.8817657,1
-0.7783838,1.806455,1
0.1452953,-1.837007,0
0.061745547,0.7766642,0
-0.5534708,1.9258124,1
-0.29269388,-0.42860982,1
0.622217,-0.93781507,1
0.21894898,-1.8798662,0
0.11770557,-0.87062854,1
-1.3885218,-0.98768353,0
-1.254424,1.740519,1
0.40028566,0.36291227,0
-1.6387826,-0.25529376,0
0.45508525,0.51841855,0
-0.82651734,1.7593751,1
1.2980641,0.91389906,1
1.6111188,0.25358856,1
1.4528576,-1.695395,0
1.2552956,0.7682429,1
-0.84443355,0.6856764,0
1.3235915,0.84205556,1
0.32663563,0.2342303,0
1.4116446,-0.07872154,1
-1.2729363,0.56180936,0
0.56085104,0.1360566,0
1.1911931,1.3487427,1
-0.3151361,-0.2099286,1
0.8868016,-0.70195395,1
1.3136536,-0.3408319,1
-1.5492512,1.6698102,1
0.29839075,0.6078523,0
-0.35258427,0.8263152,0
-1.0942307,0.9058046,0
-1.6684458,-1.0559881,0
-0.7426489,-1.4699913,0
-0.6333303,-1.5840621,0
1.3784857,-0.1700539,1
1.286498,-1.6956279,0
0.2011242,0.41052166,0
0.8613726,-1.8452818,0
0.06802082,0.23774059,0
-1.7068415,0.03918035,0
-0.20088871,0.017696805,1
0.7505573,-0.7435673,1
-0.0631862,-0.71689695,1
-0.4142706,-0.4101592,1
1.1033971,1.3665528,1
-0.78910977,0.5915988,0
0.6989153,-0.7563515,1
0.48220718,0.22045577,0
-1.5433421,-0.61370206,0
-0.6214146,0.7340736,0
0.4177024,0.28249946,0
1.3672998,1.0258046,1
-1.5265388,-0.56272227,0
-1.5052003,-0.8738584,0
-1.881481,-0.4548286,0
0.9993735,-0.48904356,1
-0.28266186,-0.62484753,1
0.21559349,1.7832685,1
-1.7084656,-0.97274077,0
-1.500944,0.2968879,0
0.38378346,0.3347927,0
-0.4300509,-0.647208,1
-1.4909089,-0.48658133,0
0.5625566,-0.7724886,1
0.33560237,0.066987015,0
1.2503638,-0.26066306,1
-0.4566195,-0.30254117,1
0.25611153,0.46738118,0
-0.32868776,2.0004084,1
1.0267196,-0.6998645,1
-0.381255,-0.4179372,1
0.08525503,-0.71856356,1
0.4042975,0.1741404,0
1.5135102,-0.43128964,1
-0.42494574,-0.6078926,1
1.0536199,-0.5724623,1
0.561837,1.6828382,0
0.30914986,0.26787865,0
-1.2276881,1.5957098,1
0.38932604,0.12827688,0
-0.12878023,-0.60602593,1
-0.69924355,1.8685125,1
0.7794943,1.4070379,1
1.1180604,-0.53235155,0
0.42894736,-0.76980567,1
-0.60950565,-0.13635646,1
-0.9225428,0.88159907,0
0.24494529,0.59239316,0
0.18142088,0.10409486,0
0.59523934,0.21748695,0
0.012693852,-0.7685414,1
1.2736045,-1.7113328,0
0.010673679,1.8846985,1
0.6121983,-1.780038,0
-0.8661164,0.5909458,0
0.32610568,0.27799264,0
1.5585179,0.5619796,1
1.309609,-0.14244798,1
-0.42537013,-1.787521,0
-0.44967684,-0.1412588,1
-0.99995935,0.58558756,0
1.6516435,0.54537153,1
-0.57263774,-0.28761828,1
1.4167185,0.38553375,1
0.07377662,0.8456264,0
-1.4715525,0.17437446,0
1.7316977,0.5312747,1
1.3936163,0.5469021,1
0.21812287,-0.0139158415,0
-0.3736872,-0.457023,0
0.9130753,-0.6776267,1
-0.20587803,-0.17716905,1
0.5929153,-0.91673416,1
0.34554306,-0.034648452,0
-0.35486695,0.024577495,1
-1.7023928,-0.23390576,0
-1.4805899,0.53295344,0
1.2889879,-1.7500904,0
0.84812444,-0.6541318,1
-0.09772891,0.69780904,0
1.3716372,-0.5990446,1
0.74510014,-0.7080992,1
-1.5657245,-1.114269,0
0.2085031,0.35382012,0
1.5088503,-2.0298884,0
-0.36349842,-0.59455687,1
0.33066407,0.19731429,0
0.96468973,-0.74325544,1
0.097947136,1.7282337,1
1.5261486,0.25710824,1
0.19324541,-1.8463551,0
0.34332648,0.38964662,0
0.12349294,0.18287452,0
-0.31155562,-0.6077816,1
-0.053442113,0.6767283,0
-1.2677641,-1.123927,0
0.36643776,0.748555,0
0.06778733,-2.1290524,0
0.50984496,-1.9661305,0
-1.0469562,0.79519457,0
-0.14551437,-0.059728555,1
-0.16385135,1.8788761,1
-0.039294787,-0.6626565,1
-1.2329357,1.7681824,1
0.29099238,0.63056886,0
-0.3076511,-0.24830972,1
0.93727845,-0.6944166,1
-0.6021821,-1.7021633,0
0.16724356,0.6529321,0
0.91651505,-0.6169713,1
-0.3708406,-0.6175889,0
1.7401717,0.11262982,1
0.31590146,-0.846502,1
1.5032431,0.13530232,1
0.50755835,1.7420697,1
0.5331533,0.03906296,0
1.5613081,-0.25414607,1
1.3516217,-0.2826423,1
-0.07324049,-0.69009596,1
-1.6920455,-0.04150377,0
0.78380466,-0.7607941,0
-0.54911566,1.8944037,1
-1.4254862,0.25098464,0
-0.9357768,0.6201473,0
-0.59171265,0.93604165,0
1.4231818,-0.20763935,1
-1.6513854,0.18755089,0
0.23381846,-0.10282776,0
-0.915184,0.825959,0
1.6064631,-0.3222923,1
-1.3614419,-1.3293788,0
1.1494435,1.2894851,1
1.178096,1.3574495,1
0.47934085,0.112773344,0
0.06601339,-0.65069145,1
-1.5307889,0.17749749,0
1.7428249,-0.05526171,1
-0.119574696,0.7509263,0
0.45176995,0.269594,0
-0.55558795,-1.8653833,0
-1.3387387,0.45761263,0
-0.26177496,-0.38337794,1
-0.7295255,-1.5266138,0
-1.5911021,-0.65019274,0
-1.773079,-0.18889445,0
0.934666,1.4690138,1
1.5961981,-0.040172864,1
0.013969154,0.7694826,0
0.34805992,0.5322018,0
-0.8443099,0.7065017,0
1.5589551,0.5994358,1
0.325631,0.31725758,0
-0.19783252,0.88698137,0
-0.32180247,-0.47085854,1
-0.404494,0.61388546,0
-0.77136546,-1.4619269,0
-0.1128563,-1.8534003,0
2.2005935,-1.3501748,0
0.08047525,0.6794123,0
1.6370803,0.36885363,1
-1.5664163,-0.17402619,0
0.9832147,1.3300176,1
-1.18251,0.38434902,0
1.5816958,0.40856406,1
-0.84287715,0.5632826,1
-1.4824355,0.62512124,0
-0.72653586,-1.5495914,0
-0.35527235,-0.3607266,1
0.57807696,1.5475669,1
-1.2058817,-1.2591999,0
-0.46439523,-0.25788075,1
-0.12213544,0.6898397,0
-1.4622903,-1.2052724,0
-1.7313085,0.16643286,0
0.5908731,0.15184294,0
1.311219,-0.5983337,0
1.4812397,0.76029235,1
-0.12665914,0.7597787,0
-1.5428536,-0.8171115,0
1.9216452,0.21876733,1
1.5791171,-1.6252817,0
1.4352443,-0.41618815,1
-0.4638972,1.8914416,1
-1.70838,-0.48461208,0
0.8728755,-0.84724164,1
1.397509,-0.2564782,1
0.38270175,0.0019226007,0
-0.9193919,-1.4143902,0
-0.40592328,-0.48969686,0
-0.8605579,0.6755053,0
-0.4498756,-0.4221088,1
0.8736896,-0.71795,1
0.5177199,0.3461295,0
-0.3209797,-1.8618623,0
-0.3533727,-0.44007912,1
0.3530598,0.053772874,0
1.0608076,-0.6401007,1
-1.7452201,-0.023447836,0
0.9356934,-0.84122485,1
-1.5873623,-0.66819835,0
1.0143545,1.2718077,1
1.6359789,0.5633235,1
-0.2574079,-0.16937397,1
-0.9289533,1.7735366,1
-0.006197973,0.71799403,0
0.17918834,0.83072644,0
-1.4935496,0.30856267,0
-0.29536247,0.7542608,0
-0.13887101,-0.42766878,1
-0.13753562,0.7047857,0
0.17262556,-1.9176158,0
0.33251,0.2569556,0
0.95157415,-0.6120483,1
0.58105195,-0.8207772,1
1.6420392,-1.526551,0
1.5966827,-0.0222174,1
-1.3766278,-1.1846339,0
1.659244,0.13832933,1
-0.8878474,-1.4597607,0
-0.5693541,-0.61531556,1
-0.091257945,-1.8556483,0
0.22002713,0.64634913,0
-0.89217615,1.8087578,1
1.0806334,-1.9233731,0
1.6295824,0.8551609,1
0.90065,-0.6727625,1
0.71929187,-0.8701526,1
1.3976359,-1.8492028,0
-1.586416,0.33019865,0
1.2079315,-1.8113259,0
-1.4812841,-0.46322292,0
-0.43852204,1.9801089,1
1.456382,-0.07440942,1
-1.7956661,1.5804965,1
-0.42733487,-0.26457918,1
0.07640103,0.6855044,0
-1.2906709,0.39967257,0
-1.1031042,-1.3019291,0
0.39495245,0.08027829,0
1.3378546,-0.24412574,1
1.6742879,0.2432681,1
0.033078745,0.90350384,0
0.47350162,0.072642714,0
0.23947874,0.037991915,0
1.2176241,-0.51933837,1
-0.7069392,0.7956745,0
0.7975281,-0.943925,1
-0.35319623,0.0018166682,0
1.7389383,0.007953443,1
0.51113236,-2.025746,0
-0.6900421,-0.4652083,1
-0.5384629,-0.21874897,1
0.34656975,0.32927555,0
0.2776588,-1.7955512,0
-1.9757588,1.4467316,1
-1.4979504,-0.8149316,0
0.2893264,-0.8265461,1
-1.5635127,-0.79823005,0
-1.7431287,-0.7215154,0
1.4351292,-1.6432171,0
-0.31006482,0.030409776,1
-1.3065743,0.71179783,0
-1.6917251,-0.41434306,0
-0.24074271,-0.15716869,1
-0.55963457,1.7983843,1
-1.4147824,-1.0153376,0
0.9102627,-0.75821006,1
-1.3456581,0.43485638,0
-0.38702476,-0.5333913,1
1.2735184,-0.69091976,1
0.24051712,0.48712772,0
-1.038343,-1.4081932,0
1.5345658,0.39223447,1
-0.24214044,-0.8060153,1
1.4095558,1.0613157,1
-0.14818172,-1.983469,0
1.32696,-1.7964263,0
0.3168839,0.15508677,0
-1.6051096,-1.0345124,0
1.5639517,1.174614,1
-1.2228159,0.500917,0
-1.7322432,-0.47881517,1
-0.22543019,0.9403757,0
-0.08965409,-1.9031669,0
0.43211654,-0.87233585,1
1.5533932,0.38966057,1
-1.3056662,0.3077323,0
1.007127,-1.7178665,0
-1.0845824,1.6541855,1
-0.06580185,-0.5447644,1
1.4063815,0.68858725,1
-0.5061575,-1.6336297,0
0.8015579,-0.71361357,1
0.02498553,-0.77436113,1
1.2430998,-0.27383456,1
-0.31955138,0.99953216,0
-1.1613077,0.3966365,0
1.741071,0.18799625,1
-1.6391819,-0.4322048,0
0.2675516,1.8180418,1
-0.25988197,-0.43156198,1
-0.5409532,-0.26146898,1
-0.11080822,0.6198707,0
-0.3201299,0.79782003,0
0.45041898,0.12364108,0
0.3422674,0.28171763,0
-1.2920375,-1.092563,0
1.4234226,1.0519158,1
-0.28877026,0.7769887,0
-1.5173568,0.3264861,0
0.09454682,0.9733514,0
1.5546254,-0.31221756,1
1.0482682,-0.74311906,1
0.42885005,0.41279793,0
-1.1958512,1.881303,1
0.6130576,-1.846493,0
1.3486559,1.1569687,1
1.6009623,0.85629696,1
0.38420567,0.121421725,0
-0.55052173,-0.41473007,1
-0.35769123,-1.8039862,0
0.82480067,1.3294184,1
-0.3074753,-0.022887709,1
0.27727416,0.28727177,0
-0.23261373,-0.009764836,1
-0.7240435,0.73552537,0
0.12987384,0.7334089,0
-1.5208653,0.04872332,0
-1.5988868,-0.6702793,0
-0.17447256,-0.13246913,1
1.3672498,-0.32627106,1
-1.6812075,-0.9170202,0
0.9455763,-0.7219865,1
0.9935789,-0.51868707,1
-1.0803441,-1.2985042,0
-1.4787477,0.40135676,0
0.075986624,0.66470426,0
0.37522048,0.39771134,0
0.23181286,0.21609418,0
-0.35845995,1.9823922,1
0.33774912,-0.057266977,0
-0.17683409,1.949504,1
0.17457937,0.66233665,0
1.3181546,-0.47788867,1
-0.34979624,-0.8454186,1
-0.48315415,-0.4603338,1
0.8408734,1.3268667,1
-1.876716,1.4942465,1
1.6119916,0.50125563,1
-0.1542828,-0.66375875,0
0.46414602,0.35076,0
0.3399323,0.4742106,0
-0.56023264,-0.6870578,1
1.0050169,-0.54550505,1
-1.3060213,0.31073642,0
-1.3633431,0.28197,0
-1.3685504,1.6333327,1
1.0498517,-0.6793119,1
-0.17394567,-0.83599615,1
-0.35095254,-0.34574842,1
1.3899391,1.180511,1
0.90307456,-1.9647844,0
-0.72949404,0.77313304,0
-1.3108706,1.6573389,1
0.5797637,-0.8836283,1
-0.18777338,-0.12903704,1
-0.14646095,0.8629752,0
-1.8332613,-0.33365023,0
0.47887924,0.4967127,0
-0.5896188,-0.066935964,1
-0.56093687,0.81526554,0
0.3474147,0.14513159,0
1.7581407,0.7391216,1
1.3900312,-1.5739012,0
-0.9558002,0.7165299,0
1.1869959,-0.6693658,1
1.6137227,0.47225326,1
0.40067,0.23486638,0
1.5142052,0.80454385,1
1.7176615,-0.054038815,1
0.19045077,-0.75950235,1
-0.41442913,0.8976196,0
-1.2634141,0.21414128,0
0.1677729,-1.7859261,0
1.7488725,-0.006587837,1
0.76667804,-1.9179463,0
-0.61606246,-0.16427615,1
1.0802883,-0.6191093,1
-1.7731614,1.6322414,1
-0.1863489,2.066714,1
0.17263383,-1.9506016,0
0.20805731,0.46004772,0
-0.6482286,0.72136307,0
0.8390731,-0.59692365,1
1.5132831,0.7807034,1
-1.3388364,0.37621194,0
0.021470916,0.78968555,0
1.3212106,1.2012066,1
-1.0764062,0.67321336,0
-0.4228312,-1.7626861,0
0.29765022,0.61823046,0
0.44076532,-1.8250532,0
-0.51209193,-0.6036365,1
-0.37742475,-0.07969358,1
1.1150166,1.4920566,1
-1.8654816,-0.43335104,0
-0.2386651,0.8435263,0
-0.13879754,1.7347567,1
0.49766746,-1.6318756,0
-0.13524099,-0.88294697,1
-1.5011859,0.19003852,0
-1.1932747,1.9427786,1
0.03159629,-0.7339487,1
-1.6815464,0.07484099,0
0.3292467,-1.9148939,0
-1.2946401,0.56985337,0
0.26121795,0.42260015,0
0.5297581,-0.86316824,1
1.4186674,1.0191835,1
-1.367265,-1.1493626,0
-0.5431168,-0.2009554,1
-0.0020627005,0.4556148,0
0.7668021,-0.6998825,1
-1.7145054,1.5317408,1
0.36695412,0.46298605,0
1.2023987,1.5027614,1
-1.7354684,-0.21384287,0
-1.2404629,0.5111538,0
-1.5804601,0.10671802,0
-0.7053196,-1.7680892,0
-0.42714992,-0.36503187,1
0.7848023,-0.78235507,1
-0.71851766,0.69535065,0
-1.5323173,0.044631656,0
-0.76192385,0.7870468,0
1.4955571,0.020878235,1
1.6383544,0.056929007,1
0.8844479,-0.69855976,1
0.37171036,0.13183467,0
-1.4707694,0.34770307,0
0.45232078,0.43533087,0
1.4461656,-0.09036742,1
0.54742783,-0.80205685,1
0.6114257,-0.9839954,1
-0.8148054,0.70549226,0
-1.6771059,0.041634023,0
0.8108443,-1.7491068,0
-0.74864817,0.7407817,0
0.21388684,0.4621846,1
-1.606254,-0.36025923,0
-0.66942525,0.7818987,0
0.15331747,0.74480754,0
0.07494327,0.7131599,1
-1.1634393,-1.1486803,0
-1.0623467,0.58992964,0
-0.19727738,-0.5684638,1
-0.6281775,1.7617902,0
-1.5428128,1.838687,1
-0.48818704,1.9902544,1
-1.6145539,-0.5432861,0
1.4861393,0.7436426,1
0.1543008,0.67461896,0
1.4407481,-1.6848547,0
0.44825742,-1.9029855,0
-0.68983406,-1.6241091,0
0.23584646,0.61931133,0
-0.19977294,-0.5087011,1
1.4726858,-1.6655622,0
-1.5681472,-0.8443675,0
-0.4110644,-0.21276118,1
-1.1577073,-1.3091722,0
0.80373335,-0.93229234,1
-0.27016175,-0.075695165,1
1.5154909,-1.5365609,0
0.21202205,0.1433042,0
-0.14782606,-1.8243918,0
-0.040680323,0.5966247,0
-0.39520466,-0.3021912,1
1.4673704,-1.6571333,0
1.6538612,0.48112273,1
-0.9847803,-1.5440071,0
1.3106142,-0.2161707,1
0.49706882,0.19540602,0
-0.89868456,0.6522795,0
1.0253493,-0.52373344,1
0.012930165,1.8976183,1
-0.90531516,0.7143273,0
-0.32989863,-0.46117508,1
0.038118973,0.92226243,0
-1.4943397,-0.83539146,0
-0.84260434,-1.5638846,0
-1.1511756,-1.550946,0
-0.55209523,-0.2564797,1
0.6212057,1.645645,1
1.1253088,-0.56176084,1
1.7499367,0.86510783,1
-0.34189478,1.9023874,1
-0.35081604,-0.13571651,1
0.22788079,-0.7367011,1
-1.2939361,1.5495924,1
1.6896698,0.5771785,1
0.45178044,0.3815736,0
0.966786,-0.60497826,1
-0.22296765,-0.6528469,1
0.56771874,-0.76421,0
-1.3226662,0.48862514,0
-1.2428613,-1.0942448,0
0.32065818,0.12708722,0
0.492541,0.120075665,0
-1.8959192,1.4570022,1
0.96538734,1.4294379,1
-1.0472835,1.8960298,1
-0.49365848,1.7349569,1
-1.1299853,0.69244283,0
1.4108357,-1.7563604,0
-1.4565284,-0.7032487,0
0.46502993,0.2647483,1
-0.19401331,-0.48774755,1
0.22165935,0.6893866,0
-0.21383032,-0.7725164,1
-0.0010510882,-0.72430146,1
-1.0503995,1.712967,1
0.84418803,-0.69217855,1
0.28646427,0.66688436,0
-1.0388776,0.5159527,0
-0.13248368,1.8007684,1
0.8416956,-0.6782459,1
-0.42077377,0.08299257,1
-0.47024956,-0.40378097,1
1.129151,-0.566326,1
0.20811722,-0.0657029,0
1.1381035,-0.61004776,1
-1.0333364,-1.3095238,0
-1.2153778,-1.1066723,0
0.04089669,0.52661204,0
0.5695414,1.6839669,1
0.97937584,-1.7774427,0
-1.6761131,-0.8921288,0
-1.4201744,-1.1360753,0
0.07546002,0.07728808,0
1.183284,0.8940705,1
1.4243675,-1.7811769,0
-0.17153366,-0.71370786,1
-1.1282545,-1.3364811,0
1.3098649,1.1560265,1
0.64829546,-0.72031343,1
-1.7193582,-0.15673473,0
0.52567565,0.46251974,0
-0.30492657,-0.19541238,1
-0.6198503,-0.15023053,1
0.18085833,1.7264868,1
-1.6965525,-0.3508748,0
0.26035425,0.016928593,0
1.8808997,0.2729453,1
-0.28696167,-0.2643601,1
-0.6079038,-1.4351563,0
1.3901848,-0.23861155,1
0.08618561,1.7406597,1
-0.42266926,-0.7379735,1
0.54899055,0.030145938,0
0.5162642,-0.8208922,1
0.15871435,1.9092723,1
0.44733146,1.8325415,1
-0.01725646,-0.82122993,1
1.3733023,-1.6711894,0
-0.16990219,-0.7677237,1
1.5694832,0.6204212,1
-1.6334196,1.7354414,1
-0.31863603,0.12227713,1
0.5527659,-0.631903,1
0.29945868,0.54745376,0
-1.6616533,1.4614357,1
-0.053004567,0.7402058,0
1.2311146,1.1700187,1
0.4348842,1.8684441,1
0.4332411,1.6291943,1
-0.22224326,-0.6102151,1
-1.5651054,0.2826173,0
0.9452135,1.6392863,1
0.73783445,-0.8183288,1
-1.4286635,0.33412763,0
-0.33910713,-0.37203914,1
-0.4706763,-0.27909535,1
1.418882,-0.15928,1
0.13315767,0.68850225,0
0.9243024,-0.58571297,1
1.6019158,0.48552495,1
0.57630676,-1.8383875,1
-1.0737414,-1.3554966,1
-0.47715354,-0.18543544,1
0.96673906,-0.53642625,1
-0.29711762,-0.3826578,1
-1.6193736,-0.28625393,0
-0.96156734,-1.5582018,0
-0.32910696,-0.049215034,1
-0.25382948,-1.9371982,0
0.5271855,-0.9230138,0
0.37670854,0.44280538,0
-1.5408969,0.10747735,0
-0.58898693,-0.10086448,1
-0.94415957,0.7062472,0
1.1742264,-0.34020764,1
-0.30449742,-0.2718969,1
0.16329645,-0.81269926,1
-0.32728663,-0.5049718,1
1.3229942,-0.11922899,1
0.014184282,-1.8499728,0
-0.18984723,-0.6212964,0
-0.23571667,0.08350248,1
0.5442352,-0.8762018,1
1.5479198,0.52261335,1
0.8065638,-0.94574654,1
1.2765622,1.171645,1
-1.0966032,-1.1509796,0
0.20337057,-1.7197411,0
-0.4937028,-0.35021937,1
-0.37316048,0.719256,0
0.58627915,-0.79854095,1
0.010753672,0.79900354,0
1.6171126,-1.793657,0
0.9735133,-0.48260108,1
-1.6349506,-0.41242725,0
1.3020036,-0.29928562,1
1.4751786,0.5551616,1
0.26523855,0.46256334,0
-1.3244455,-1.0056422,1
0.12557063,-0.73214155,1
-0.8989788,1.6445402,1
-1.628919,-0.05843751,0
-0.45386037,-0.18940781,1
0.11327832,1.7267034,1
-0.079156265,-0.60472095,1
-1.3435467,1.7019272,1
-0.36655763,-0.0056193676,1
1.5181742,1.0912346,1
-0.45701557,-1.8222309,0
1.3389187,-0.16706611,1
-1.1183147,0.7422138,0
-1.0748181,-1.4460404,0
-1.584063,-0.30491817,0
1.4602612,0.9487419,1
0.10574684,0.7770172,0
1.6758753,-1.5494503,0
-0.36492535,-0.5902507,1
0.35813525,0.43197852,0
1.1073197,1.3173308,1
-1.5067263,-0.8993432,0
0.30574313,1.7737447,1
0.23452093,1.6891458,1
-1.068785,0.71637034,0
0.022449346,0.8115327,0
0.41266206,0.46409202,0
0.29318473,-0.8681965,1
-1.3679174,-1.1095219,0
0.4774565,0.34512568,0
-0.63795334,1.7607656,1
-1.08853,0.6856808,0
-0.96148354,0.73891103,0
-1.3654722,0.4642839,0
1.4425112,0.76111054,1
-1.3307601,1.7477462,1
-0.04389182,-0.7234262,1
0.3126283,-2.0231872,0
1.371538,-0.26671773,1
-0.69568944,-1.7450074,0
0.1377505,-0.83488524,1
1.4288725,0.32930955,1
0.64605194,0.16116618,0
0.24791718,-0.055685036,0
0.7580447,-0.524124,1
0.38624534,-1.8845954,1
0.1382631,0.35026684,0
0.49908474,0.10347208,0
1.3715763,-1.7358401,0
0.08201724,0.72012466,0
1.0751917,-0.4053789,1
-0.17904642,-1.7195026,0
-1.5427547,-0.9156762,0
1.6104181,-1.7139695,0
-1.8083378,-0.105100155,0
1.0303042,-1.7281363,0
0.4086698,-1.7973874,0
-0.5591317,-0.40532708,1
-0.3447346,0.96266955,0
-1.5917801,0.24666531,0
-1.6334858,-0.10389115,0
0.07857172,0.7424033,0
-1.8598781,-0.080060236,0
0.15474083,-1.7623603,0
-0.8795652,1.7960796,1
1.6188036,0.54993504,1
-1.589225,-0.28023827,0
-0.4260125,0.82807386,0
1.1247829,-0.58272,1
1.5960641,0.43357307,1
-1.5002323,1.6410588,1
-1.5591669,-0.8870488,0
-1.1488034,0.76013625,0
1.2463874,-0.618095,1
-1.5357467,-0.8477865,0
0.24619432,1.9200982,1
0.29133117,0.6760453,0
-0.53089833,-1.8443732,0
0.39018187,0.33078295,0
-0.36123547,-1.7796915,0
0.46997055,0.23601377,0
0.8049455,-0.7490139,1
-0.96138996,-1.5835121,0
-0.21654168,1.8702818,1
-1.3147676,-1.0272173,0
-0.38125733,0.83611214,0
-1.4909819,-0.082917616,0
0.33188766,0.20837139,0
-1.0199976,-1.4190416,0
0.23674998,1.7691896,1
-1.3788927,-0.5939885,0
0.38383982,-0.7855484,1
0.30630967,-2.0093505,0
-1.458686,-0.13185154,0
-1.7014303,-0.630228,0
-0.51646703,0.67796195,0
1.5733858,-0.2184297,1
-0.17167385,-0.16193421,1
-0.43456015,0.043564644,1
0.90263724,-0.7091118,1
1.4571296,0.85178185,1
0.74454814,1.7038753,1
-0.47486648,0.63209355,0
-0.25706127,-0.020668076,1
-0.9194625,-1.4856387,0
-0.34300062,0.5478645,0
1.0016221,-1.7515037,0
0.23817024,0.19557038,0
0.08889037,0.53459084,0
-1.6112286,-0.69874465,0
0.23014365,0.15044677,0
0.89844537,1.5667824,1
0.26127532,0.15719138,0
1.1354111,-0.6367007,1
1.448246,-0.54654557,1
0.3402314,0.31916648,0
-0.5908826,-0.40094686,1
0.4047729,0.29973727,0
-0.8026037,1.6792785,1
-0.67152995,-0.21932845,1
1.2980604,-0.46406743,1
-1.5254974,0.14334005,0
1.5939287,0.3315862,1
0.3865886,-0.85346246,1
-0.026253436,1.8575839,0
-0.94065064,-1.4206574,0
1.3827554,0.5951031,1
1.6522477,-0.033167303,1
-1.4591883,1.6826607,1
1.2949221,-0.43118727,0
0.24951504,-0.83728087,1
-1.7319133,-0.55374706,0
-1.2712674,-1.156899,0
-1.550008,1.6841774,1
0.33174613,0.010022621,0
1.3916008,1.1316692,1
0.020699907,-0.73896015,1
-1.4880172,-0.6135797,0
1.3280464,-0.379699,1
-0.1179536,1.9254189,1
0.27443707,0.2535461,0
1.0475366,1.5378611,1
1.5903957,-0.13237998,1
1.2704629,1.359549,1
-1.5906082,-0.47655278,0
1.1251317,-0.6049951,1
-1.4510214,0.10401649,0
1.3411151,-1.8614389,0
1.2575166,-0.4390543,1
-0.60400724,-0.29995894,1
1.7011253,0.3851571,1
-1.371298,-1.2178226,0
-0.11230934,-0.63184494,1
-0.19715528,0.8097632,0
1.5957552,0.31942332,1
-1.8383057,-0.68096787,0
0.33813918,-0.0100987675,0
0.27223632,0.39106193,0
0.022443648,0.549223,0
-1.0536926,1.855161,1
0.83144015,-0.8298134,1
1.6603731,0.43828002,1
0.38649705,1.5754013,1
1.3962338,0.8591735,1
1.5850093,-0.11247369,1
-1.5666443,1.5419183,0
-0.6195682,0.7536373,0
-0.51783377,-0.32852334,1
-0.41246715,0.8712712,0
-1.711529,-0.6431165,0
1.1819919,-1.7058529,0
0.8311223,1.5997511,1
1.5755943,0.052561823,1
-0.3613533,-0.07961743,1
0.2249881,-0.05102725,0
1.1754409,-0.69910353,1
-1.7531013,-0.7267928,0
-0.3553586,-0.45452347,1
-0.07023897,-0.92211354,1
-0.4611574,0.00068627374,1
0.47639948,1.6787024,1
0.17647983,-1.7052592,0
-1.8566663,-0.19813684,0
1.5996526,0.2896681,1
-0.7097838,0.9202311,0
0.073660746,1.9228435,1
1.7390008,0.70107234,1
1.2490312,1.1855004,1
0.6780831,-1.8085767,0
-0.7391223,-1.637348,0
0.9533551,1.4702525,1
-0.45522323,0.7029516,0
-0.54669803,1.8637469,1
0.4662125,-0.12755731,0
0.11781191,0.5934844,0
0.14197855,-0.683442,1
-0.82669204,0.6300676,0
-0.4975838,-0.1309297,1
1.4842938,0.67706776,1
-0.31530744,-0.020528682,1
0.87003756,-1.7941796,0
-0.25203103,0.7755316,0
0.45822993,0.4330561,0
-1.0693867,1.7580237,1
-1.8687549,1.4296262,1
0.14687985,-1.8907639,0
-0.29202193,-0.046773627,1
1.5302751,-1.6755956,0
-0.049010653,-0.69840723,1
1.4436615,1.0605762,1
-1.1690072,0.6128908,0
0.4102214,-0.7598004,1
-1.7368447,-0.5809703,0
-0.60822994,-1.6431221,0
0.054689046,0.4930131,1
-1.2093109,-1.039701,0
1.2877198,-0.32701042,1
1.2442944,-0.38369656,1
-0.38794196,-1.8805114,0
1.4317411,1.1575961,1
-1.610001,1.7109493,1
0.41791373,-0.16257706,0
0.9934807,1.5341445,1
0.2091907,-0.71613806,0
1.5681454,0.83422154,1
0.09220342,-0.84900963,1
0.47402194,0.17423917,0
-0.7155406,-1.58084,0
0.36923295,0.42740694,0
-0.17873207,-0.7092064,1
-0.31891426,-0.04685497,1
0.6156681,-0.807983,1
0.52488256,0.083882414,0
1.630483,0.6267912,1
1.8286316,-1.2750978,0
-0.17406616,-0.90595305,1
0.24184373,-0.95184803,1
-0.43786255,0.6539077,0
1.3765798,0.99197274,1
0.44310504,-0.7648145,1
-1.5939627,0.31845567,0
0.005783668,0.77798074,0
-1.8997512,1.3468935,1
0.23465997,0.4401303,0
1.258127,-0.025168438,1
1.4770089,-0.24397834,1
-0.25470206,-0.6799464,1
-0.060077228,0.5469236,0
1.5464249,-0.12220958,1
0.2425011,0.58270353,1
1.5905536,0.5874605,0
0.10819581,0.6815848,0
1.2434796,-0.5732302,1
0.4997163,0.2132372,0
-1.5631891,-0.9936984,0
-0.40395936,-0.13601872,1
1.4780238,-0.47740257,1
0.6304386,-0.9359649,1
-0.33208966,-0.7369308,1
-0.6262442,-1.6739265,0
0.085987225,1.8097029,1
1.6143085,0.35899797,1
-0.34395325,-0.14979443,1
-0.75426644,0.5159974,0
-1.488332,-0.83061063,0
1.5084338,0.521399,1
0.37155154,0.00063798646,0
0.45329815,0.32946768,0
1.6782281,0.3102784,1
0.8653982,1.4208337,1
-1.363775,-1.3194526,0
0.3341532,-0.89297116,1
1.490531,0.42097914,1
-0.9359955,-1.4751844,0
0.3952932,-1.9305117,0
1.487451,0.8622667,1
1.5200826,0.95500743,1
1.7632544,0.32788363,1
-0.44127914,1.8744096,1
-1.6792105,-0.4830967,0
-1.36637,-0.90961826,0
-0.7646728,0.7417351,0
-0.8199663,0.5701696,0
-0.42222822,-0.117350906,1
0.33339316,0.45644975,0
-1.405122,0.16804574,0
1.3333615,-1.568598,0
-0.49692675,0.9312016,0
-0.20363621,-0.29077175,1
0.4065626,-0.86852515,1
-0.05502973,0.68473125,0
0.42326453,0.63566667,1
-0.2773702,0.79927486,0
0.41993347,1.8106767,1
-1.6158199,-0.27075538,0
-1.5679103,1.7868418,1
-0.95877093,0.7436547,0
1.7688025,0.18719196,0
0.29532567,1.8870425,1
-0.78471315,2.050864,1
-0.15926741,-1.7673302,0
1.6434933,-1.2707744,0
-0.24887528,0.033662282,1
-1.4901907,1.7015705,1
-1.3694249,0.36640176,0
-0.926622,-1.6020532,0
-1.6899874,-0.9716389,0
0.83047795,-0.7581414,1
-1.5312779,-0.515795,0
0.58919096,1.6087676,0
-1.2681429,-1.4884373,0
-1.6427507,-0.26561424,0
-0.2635046,-0.05896924,1
-0.45723316,-0.29011118,1
0.30663663,0.0043006837,0
-0.32631877,-0.3615803,1
-1.4759172,-0.8342348,0
-0.8393289,0.92676514,0
-0.22259538,1.7165744,1
0.019033771,0.82532626,0
0.91800183,-0.6246884,1
1.4426515,0.59349316,1
0.10380236,-0.73382896,1
-1.1046878,1.8078157,1
-1.7861392,1.6186845,1
1.50551,0.98002845,1
0.42140615,0.20291641,0
1.4756484,1.26722,1
1.1790667,-0.37783316,1
0.47928452,-1.8300112,0
-0.23303078,-0.16024776,1
-0.42868432,-0.15552452,1
1.4096692,-0.36834088,0
-1.6602151,-0.83468956,0
-0.53822273,-0.4440661,1
-1.3848425,0.14439216,0
0.34499508,0.15643042,0
1.1449952,-0.47705773,1
-1.3686421,0.2395558,1
0.1308827,-0.85270333,1
-1.5324887,-0.42027846,0
-0.026459904,-1.8093947,0
1.5414695,-0.21686661,1
0.646899,1.3414916,1
-0.90412664,0.71340734,0
-0.4207218,-0.19013219,1
-0.4443525,-0.12482971,1
-1.6266778,-0.009856209,0
-0.36133245,-0.6058215,1
-0.42647383,-0.08061883,1
-0.037509743,-0.8152041,1
0.35430315,-1.9386925,0
1.6087933,0.086622685,1
-0.51348644,0.91641605,0
0.38634393,-0.6362323,1
1.0091816,-1.8060046,0
1.1893531,1.3919874,1
0.112905875,1.8571417,1
0.37975502,0.07752701,0
0.19439891,-0.8899448,1
-0.40733042,-0.58288985,1
-0.51418185,1.0288668,0
0.6825138,1.5840844,1
1.6676586,0.55948585,1
-0.28580123,1.767778,1
0.7908805,-1.9511093,0
0.18598263,-0.81810725,1
-0.2249727,0.5841592,0
0.3178007,1.8465055,1
-0.45427084,0.0037679109,1
1.67855,-0.18634999,1
0.6454155,-0.78237414,1
1.3603816,0.048183706,1
0.5990306,-0.8416247,1
1.5555216,0.16927244,1
0.22388117,0.49082342,0
1.6827456,0.029543815,1
0.6750964,1.5839182,1
-0.7756949,-1.740507,0
1.0308465,-0.6659538,1
-0.64621556,0.8862535,0
1.2433589,1.1318145,1
-1.2807649,-1.2028159,0
1.7383914,-1.6766403,0
-0.39560503,-0.235608,1
-1.5824934,0.2836447,0
-1.4201785,-1.1287547,0
0.48594823,0.10217836,0
0.034644637,0.8521536,0
1.9533722,-1.5162886,0
-1.1120732,-1.4351839,0
0.32000187,-0.009950185,0
-0.9735442,-1.7028419,0
0.17966868,1.9659907,1
-0.9193886,0.78240937,0
-1.4519099,-1.0031208,0
0.07818375,0.3820388,1
-1.5554036,-0.5275951,0
-0.6969535,-1.4705365,0
-1.4507204,-0.84734124,0
-0.25684834,0.7770345,0
1.0549083,1.3092438,1
-0.2582121,1.9058694,1
-1.5049124,-0.7877299,0
-1.796469,-0.5208224,0
-0.3812448,-0.08733443,1
1.3812609,0.7795662,1
-0.22274292,-0.014973036,1
1.4362872,-1.6715815,0
-0.47397727,0.84421873,0
-0.04908606,1.8701704,1
0.32070923,-1.8981781,0
1.5860488,0.3484616,1
0.21726364,0.5139993,0
0.16202827,0.18499959,0
0.23354226,0.3218865,0
-0.42102134,0.7431252,0
0.32757807,-0.027706452,0
-1.2345886,-1.4156283,0
0.22245806,0.076651275,0
-0.17508975,-1.8671415,0
1.4846804,0.7175349,1
-0.7371505,1.8468755,1
-0.3222,-0.12993291,1
-0.2118503,-1.8036208,0
0.5640578,0.35605928,0
-0.26186323,1.769124,1
-0.6071031,0.5773422,0
1.6781043,0.50440764,1
-0.99757665,0.48446518,0
1.6663938,-0.10323673,1
1.5296614,0.68003166,1
1.5304607,1.0436099,1
-0.3130271,-0.07242352,1
0.20336294,0.62017494,1
1.4145937,-0.39966962,1
1.2063204,-1.7137101,1
-0.55316,-1.6618842,0
-1.7181424,-0.35999265,0
0.8038003,1.5788939,1
-0.26620853,-0.85695994,1
-0.4528735,-0.12852441,1
0.26992604,1.6941674,1
0.106550924,0.6404106,0
-1.2943199,1.7647585,1
-1.4167231,-0.056860562,0
-1.6560034,-0.33609304,0
-0.6245713,0.71619195,0
0.38529447,0.48303995,0
0.78187203,1.7117498,1
0.9037868,-0.75873154,1
0.38163963,0.23265018,0
0.48153454,1.5559622,0
0.687319,-0.9432368,1
1.6524378,0.2273519,1
-0.4647928,-0.51437044,1
-0.3664197,-0.3499088,1
0.5315447,-0.84371257,1
-1.5888109,0.7169468,1
0.38697237,-0.88470465,1
0.43161324,0.019770453,0
1.3396987,1.1869484,1
-1.43501,-0.22480787,0
0.37975416,1.7922726,1
0.2808709,0.13841558,0
-1.7655392,1.6025596,1
1.1222076,-1.9033629,0
-0.14205572,1.8297514,1
0.7170732,1.6126578,1
-0.27717268,0.94396,0
-0.17415425,-0.22983763,1
-1.6564639,-0.669136,0
0.30801898,0.22562568,0
0.7485589,-1.9081867,0
1.3832157,0.88502836,1
1.491059,-0.35386533,1
0.9971903,-0.86979485,1
1.6563864,0.37250233,1
-0.40131336,-0.20640594,1
0.02270429,-0.7044019,1
0.90369177,-0.7103123,1
-1.6268989,0.15670437,0
0.11847064,-0.14171304,0
-1.6292231,-0.0069696005,0
1.4470683,-0.6208716,1
-0.1854367,0.6888744,0
-0.18553391,-0.66160077,1
0.21325544,0.641263,0
1.6890272,0.062985465,1
1.6136042,0.20194347,1
1.8232552,-1.579211,0
0.4152217,0.13087782,0
1.5308193,0.26391205,1
-1.5465788,-0.8325785,0
0.29041353,0.5271059,0
1.5268351,0.4969766,1
-0.46673882,-0.39400032,1
0.44958162,0.27934644,0
-0.19868287,0.8916539,0
-0.49620175,0.79379207,0
1.3487056,-0.3015941,1
0.3903593,-0.82816005,1
-0.899133,1.6833786,1
-0.36236066,0.007455283,0
1.1935824,-0.46819085,1
0.08539391,0.62871754,0
0.49872202,-0.8831038,1
-1.4234636,-0.98653716,0
-0.67464256,1.878719,1
-0.6377272,1.7249751,1
0.3926978,-0.8862336,1
-0.17359374,-1.8537625,0
0.3315325,-0.160561,0
-1.0815649,-1.4177679,0
1.6035825,0.91291463,1
-1.191298,-1.1719023,0
-0.46165562,1.7244161,1
0.48257643,-0.8246367,1
-1.6599602,-0.8764417,0
0.13723864,-0.11350885,0
-0.28801152,0.85299283,0
0.053518426,0.6461535,0
-0.07434965,0.66809636,0
0.20249337,-0.7550245,1
-1.4815573,-0.09070529,0
0.107107185,-0.7442415,1
-1.6577948,1.490588,1
0.26686877,-0.7360348,1
-1.0947545,-1.2068086,0
-0.115347885,0.52071065,0
1.4862387,0.9759826,1
-0.5214009,-0.19296236,1
0.3820609,0.19709887,0
0.38462424,0.3891992,0
-0.88001186,1.719538,1
-0.3618474,0.71633935,0
-1.5419528,-0.62731767,0
0.51934594,-1.7699345,0
1.7010152,0.5302975,1
-1.6018784,-0.81023574,0
0.3369091,-0.91799545,1
0.6098439,-1.8823951,1
-0.20302354,-0.19225538,1
1.2929381,-0.47876328,1
1.2498902,0.8015495,1
1.3415638,1.1289725,1
-0.3196849,0.87954015,0
0.43095973,1.8566822,0
-0.27021387,0.88072455,0
-0.488781,-1.7046132,0
-0.90479493,0.88146377,0
-1.7131492,-0.047066327,0
1.131917,1.2968168,1
1.6527905,0.39604613,1
0.34960645,0.5003853,1
-0.29345822,0.046103016,1
-1.4188347,0.0832915,0
1.6635029,-0.011501947,1
0.36174774,0.5340755,0
-0.18302785,-0.6815924,0
1.6130279,0.38753378,1
0.7539155,0.14809057,0
-0.2005505,-0.1705459,1
-0.5068279,-1.771555,0
1.5655721,0.41130242,1
-0.40242207,-0.1730401,1
-0.24489762,-0.10784196,1
-0.85292643,0.76523757,0
1.4087416,0.30008164,1
1.2340131,-1.6779102,0
1.4339594,0.85025567,1
-1.2271985,1.6556731,1
1.4092356,-0.25090516,1
0.7011816,-1.8589057,0
0.5998471,0.5201118,0
-0.018972453,1.9213308,1
0.85524523,-1.772045,0
0.09643115,-0.6598426,1
0.44002008,0.009578676,0
0.38728204,0.12539767,0
-1.3133249,0.24582937,0
-1.6492685,-0.21385604,0
-0.47785896,-1.7856513,0
0.12059016,0.69255906,0
0.9139787,-0.84509695,1
0.39524785,0.51302725,0
0.7027936,-1.9314193,0
-1.4940673,-0.6482756,1
1.386565,-1.7291346,0
1.3799568,-1.5895842,0
-1.7385948,-0.14444962,0
-1.7020721,-0.07066327,0
-0.2012819,-1.9906225,0
-0.19975235,-0.1702798,1
1.1797923,-0.496133,1
0.54212385,0.15238419,0
-1.0056009,-1.2986295,0
-0.40278113,1.8375921,1
0.8780641,-1.9764547,0
-1.1502317,1.7261082,0
-0.675373,-1.5318491,0
-0.17961146,0.021288335,1
-1.0963618,-1.2553002,0
-1.6254392,0.27722758,1
0.49329937,0.3029635,0
1.5179061,0.2379295,0
0.28116524,0.4172912,0
1.5322243,-0.19029011,1
-1.5493937,-0.82331204,0
0.44733912,0.5742514,0
0.212792,-0.9023448,1
-1.38954,1.6879033,1
0.29129657,0.5912264,1
-0.53686476,-0.27434167,1
0.4211204,0.6587318,0
-1.6364439,-0.6579636,0
0.10246851,-0.8558605,1
-0.39312723,-0.5156911,1
1.4017239,-0.3429107,1
-0.74529797,-1.7229162,0
-1.7606432,-0.8733288,0
0.008070063,0.7443062,0
-1.6571326,-0.5354941,0
-0.20097074,-1.8338715,0
1.3983469,0.88657916,1
-1.7102971,-0.15419443,0
0.2892462,0.15299496,0
1.2392911,1.2102902,1
-0.06359169,-0.7401439,1
-0.6707588,0.9789774,0
1.2003968,-0.6932076,1
-0.116819434,0.7274338,0
0.48640534,0.17238949,0
0.9490799,-0.6245607,1
-0.351607,-1.7259928,0
-0.971835,-1.459405,0
-0.31033692,-0.63106054,1
-0.79297674,1.8022327,1
-1.0030224,0.6292693,0
-0.027524821,-1.8856122,0
0.28154546,0.55190927,0
1.4980676,-1.7521552,0
-0.2524478,0.88468707,0
-0.5083765,0.82373124,0
-1.2267234,-1.0402695,0
0.3533384,0.64804476,0
1.6793245,0.2750219,1
-0.55695534,0.66802317,0
-1.0651506,1.8664783,1
1.2952275,-1.7508999,0
0.23961027,0.10386142,0
1.2698706,1.2683972,1
1.5656254,0.12676784,1
-1.408317,0.11404944,0
-1.6644548,1.4143572,1
-1.124678,0.5081546,0
-1.3926091,0.4017254,0
-1.800129,-0.0041196165,0
0.09176392,0.5244194,0
-1.6347679,-0.9104576,0
1.746779,-1.4154572,0
0.29245353,-0.99856365,0
1.0471575,-1.654921,1
-0.42757618,-0.27703947,1
0.34848058,0.08506529,0
1.3157482,1.2820293,1
-0.72418004,0.7050655,0
0.35462385,1.7800404,1
0.61627775,1.5067914,1
0.9921417,-0.79398555,1
0.59144783,1.5495825,1
0.36175525,-0.08665344,0
-0.83313847,0.67729694,0
0.40035015,0.5621918,0
1.0540308,-0.63878775,1
0.14607383,1.8089125,1
1.5395527,-0.14354616,1
-0.001373016,0.82839537,1
-0.48421407,1.8912215,1
1.5500116,-1.6853532,0
-0.8798182,1.7888167,1
1.3627052,-0.32649282,1
-1.0064371,0.35194823,0
0.22483505,0.075756475,0
0.25575227,-1.680944,0
0.19458073,0.5573165,0
-0.56110704,0.8958345,0
-0.06677647,1.775565,1
-0.4796298,-0.5547534,1
1.6238781,0.4348808,1
-1.1106124,0.7552294,0
-0.28146538,-0.21128915,1
-0.48543715,-0.5928204,1
-0.46739292,-0.3318261,1
1.2752181,1.4341822,1
1.8038801,0.44306293,1
-0.42311734,-0.32025364,1
0.14418972,-0.8346267,1
-0.21348754,-0.5650128,1
-0.5480085,-0.16214572,1
1.1547313,-1.7501016,0
0.11208352,1.7037393,1
0.73636365,-0.6457724,1
0.2554241,0.05697657,0
-1.2293422,-1.4584275,0
0.28800413,0.65794617,0
1.6579806,-1.5389605,0
-1.6975217,0.1934636,0
-0.089797996,1.7123947,1
-1.0095924,-1.5129609,0
-1.202819,0.22530258,0
1.048075,1.3048617,1
1.0311894,-0.70188713,1
-1.5363866,1.856267,0
0.7997841,-1.7829828,0
-1.549854,-0.65248024,0
1.2601852,-0.79722196,1
0.10031265,-0.0063613364,0
-0.35035196,0.8210952,0
-1.518019,1.6948903,1
0.19607335,0.5530291,0
-0.05997362,1.924263,1
0.5774193,-1.0122365,1
-1.5224718,-1.0421913,0
-1.5377834,-0.08213066,0
0.6109793,0.3048016,1
0.93630743,1.3054148,1
1.4747388,0.2436291,1
0.2795287,-0.6444447,1
-1.0445075,-1.4906695,0
0.37010974,0.42507946,0
